round,asset,price
0,byte_stream,30.83
0,gold_trust,27.01
0,,21.65
0,agro_futures,25.91
0,metro_rail,93.6
0,quantum_dynamics,26.52
1,byte_stream,33.82
1,gold_trust,27.01
1,solar_grid,
1,agro_futures,25.91
1,metro_rail,18.72
1,quantum_dynamics,26.52
2,byte_stream,34.31
2,gold_trust,27.06
2,solar_grid,21.9
2,agro_futures,25.89
2,metro_rail,18.84
2,quantum_dynamics,26.74
3,byte_stream,35.21
3,gold_trust,27.13
3,solar_grid,21.73
3,agro_futures,25.74
3,metro_rail,18.92
3,quantum_dynamics,26.79
4,byte_stream,39.34
4,gold_trust,27.14
4,solar_grid,21.83
4,agro_futures,25.76
4,metro_rail,19.05
4,quantum_dynamics,27.01
5,byte_stream,39.56
5,gold_trust,27.14
5,solar_grid,21.83
5,agro_futures,
5,metro_rail,19.05
5,quantum_dynamics,27.01
6,byte_stream,37.2
6,gold_trust,27.14
6,solar_grid,21.83
6,agro_futures,25.76
6,metro_rail,19.05
6,quantum_dynamics,27.01
7,byte_stream,34.24
7,gold_trust,27.11
7,solar_grid,21.85
7,agro_futures,25.47
7,metro_rail,19.08
7,quantum_dynamics,
8,byte_stream,32.95
8,gold_trust,26.97
8,solar_grid,
8,agro_futures,25.59
8,metro_rail,19.11
8,quantum_dynamics,27.11
9,byte_stream,33.8
9,gold_trust,27.08
9,solar_grid,21.85
9,agro_futures,25.59
9,metro_rail,19.08
9,quantum_dynamics,27.07
10,byte_stream,30.26
10,gold_trust,27.15
10,solar_grid,22.39
10,agro_futures,25.58
10,metro_rail,19.22
10,quantum_dynamics,27.29
11,byte_stream,31.56
11,,27.41
11,solar_grid,22.42
11,agro_futures,25.39
11,metro_rail,19.35
11,quantum_dynamics,27.48
12,byte_stream,32.42
12,gold_trust,27.41
12,solar_grid,22.42
12,agro_futures,25.39
12,metro_rail,19.35
12,quantum_dynamics,27.48
13,byte_stream,31.09
13,gold_trust,27.41
13,solar_grid,22.42
13,agro_futures,25.39
13,metro_rail,19.35
13,quantum_dynamics,
14,byte_stream,31.2
14,gold_trust,27.41
14,solar_grid,22.42
14,agro_futures,25.39
14,metro_rail,19.35
14,quantum_dynamics,27.48
15,byte_stream,25.94
15,gold_trust,27.45
15,solar_grid,21.85
15,agro_futures,25.54
15,metro_rail,19.28
15,quantum_dynamics,27.34
16,byte_stream,25.26
16,gold_trust,27.51
16,solar_grid,21.89
16,agro_futures,
16,metro_rail,19.46
16,quantum_dynamics,27.62
17,byte_stream,
17,gold_trust,
17,solar_grid,21.89
17,agro_futures,25.78
17,metro_rail,19.43
17,quantum_dynamics,27.61
18,byte_stream,26.2
18,gold_trust,27.38
18,solar_grid,21.88
18,agro_futures,25.85
18,metro_rail,19.52
18,quantum_dynamics,
19,byte_stream,29.12
19,gold_trust,27.38
19,solar_grid,21.88
19,agro_futures,25.85
19,metro_rail,19.52
19,quantum_dynamics,27.76
20,,26.19
20,gold_trust,27.38
20,solar_grid,21.88
20,agro_futures,25.85
20,metro_rail,19.52
20,quantum_dynamics,27.76
21,,24.68
21,gold_trust,27.36
21,solar_grid,21.7
21,agro_futures,25.81
21,metro_rail,19.67
21,quantum_dynamics,28.04
22,byte_stream,24.53
22,gold_trust,27.46
22,solar_grid,21.55
22,agro_futures,
22,metro_rail,19.72
22,quantum_dynamics,28.23
23,byte_stream,25.64
23,gold_trust,27.88
23,solar_grid,21.24
23,agro_futures,26.14
23,metro_rail,19.7
23,quantum_dynamics,28.06
24,byte_stream,25.42
24,,28.01
24,solar_grid,21.4
24,agro_futures,26.05
24,metro_rail,19.72
24,quantum_dynamics,
25,byte_stream,25.22
25,gold_trust,27.79
25,solar_grid,21.5
25,agro_futures,26.14
25,metro_rail,19.95
25,quantum_dynamics,28.41
26,byte_stream,25.83
26,gold_trust,27.79
26,solar_grid,21.5
26,agro_futures,26.14
26,metro_rail,19.95
26,quantum_dynamics,28.41
27,byte_stream,26.61
27,gold_trust,27.79
27,solar_grid,21.5
27,agro_futures,26.14
27,metro_rail,19.95
27,quantum_dynamics,28.41
28,byte_stream,25.5
28,gold_trust,277.9
28,solar_grid,21.56
28,agro_futures,26.31
28,metro_rail,19.82
28,quantum_dynamics,28.26
29,byte_stream,22.81
29,gold_trust,27.45
29,solar_grid,21.23
29,agro_futures,26.51
29,metro_rail,19.6
29,quantum_dynamics,28.01
30,byte_stream,23.07
30,gold_trust,27.53
30,solar_grid,21.12
30,agro_futures,26.51
30,metro_rail,19.61
30,quantum_dynamics,28.05
31,byte_stream,20.7
31,gold_trust,27.64
31,solar_grid,20.85
31,agro_futures,26.53
31,metro_rail,19.6
31,quantum_dynamics,27.95
32,byte_stream,19.93
32,gold_trust,27.42
32,solar_grid,20.27
32,agro_futures,26.51
32,metro_rail,19.18
32,quantum_dynamics,27.4
33,byte_stream,207.10000000000002
33,gold_trust,27.42
33,solar_grid,
33,agro_futures,26.51
33,metro_rail,19.18
33,quantum_dynamics,27.4
34,byte_stream,18.68
34,gold_trust,27.42
34,solar_grid,20.27
34,agro_futures,26.51
34,metro_rail,19.18
34,quantum_dynamics,27.4
35,byte_stream,15.7
35,gold_trust,27.41
35,solar_grid,19.54
35,agro_futures,26.31
35,metro_rail,18.4
35,quantum_dynamics,26.37
36,byte_stream,17.5
36,gold_trust,27.26
36,solar_grid,
36,agro_futures,26.66
36,metro_rail,18.72
36,quantum_dynamics,26.93
37,byte_stream,17.2
37,gold_trust,26.97
37,solar_grid,19.54
37,agro_futures,26.79
37,metro_rail,18.62
37,quantum_dynamics,26.69
38,byte_stream,18.66
38,gold_trust,27.07
38,solar_grid,18.96
38,agro_futures,26.82
38,metro_rail,17.92
38,quantum_dynamics,25.65
39,byte_stream,19.72
39,,27.0
39,solar_grid,18.88
39,agro_futures,26.55
39,metro_rail,18.19
39,quantum_dynamics,26.02
40,byte_stream,19.46
40,gold_trust,27.0
40,solar_grid,18.88
40,agro_futures,26.55
40,metro_rail,18.19
40,quantum_dynamics,26.02
41,,18.35
41,gold_trust,
41,solar_grid,18.88
41,agro_futures,26.55
41,metro_rail,18.19
41,quantum_dynamics,
42,byte_stream,20.15
42,gold_trust,27.22
42,solar_grid,19.4
42,agro_futures,26.91
42,metro_rail,18.44
42,quantum_dynamics,26.42
43,byte_stream,19.41
43,gold_trust,27.3
43,solar_grid,19.82
43,agro_futures,26.9
43,metro_rail,18.49
43,quantum_dynamics,26.54
44,byte_stream,21.43
44,gold_trust,27.87
44,solar_grid,20.2
44,agro_futures,26.93
44,metro_rail,18.74
44,quantum_dynamics,27.03
45,byte_stream,22.95
45,gold_trust,27.8
45,solar_grid,20.75
45,agro_futures,26.97
45,metro_rail,18.97
45,quantum_dynamics,27.46
46,byte_stream,23.1
46,gold_trust,5.564
46,solar_grid,20.93
46,agro_futures,26.95
46,metro_rail,18.97
46,quantum_dynamics,27.4
47,byte_stream,25.09
47,gold_trust,27.82
47,solar_grid,20.93
47,agro_futures,26.95
47,metro_rail,18.97
47,quantum_dynamics,27.4
48,byte_stream,23.82
48,gold_trust,27.82
48,solar_grid,
48,agro_futures,26.95
48,metro_rail,18.97
48,quantum_dynamics,
49,byte_stream,25.34
49,gold_trust,27.82
49,solar_grid,20.93
49,agro_futures,26.95
49,,18.97
49,quantum_dynamics,27.4
50,byte_stream,25.74
50,gold_trust,27.32
50,solar_grid,20.99
50,agro_futures,26.8
50,metro_rail,
50,quantum_dynamics,27.38
51,byte_stream,24.13
51,gold_trust,27.34
51,solar_grid,21.11
51,agro_futures,26.82
51,metro_rail,18.76
51,quantum_dynamics,
52,byte_stream,22.59
52,gold_trust,27.36
52,solar_grid,20.98
52,agro_futures,26.9
52,metro_rail,18.78
52,quantum_dynamics,27.29
53,byte_stream,23.25
53,gold_trust,27.31
53,solar_grid,20.99
53,agro_futures,26.86
53,metro_rail,19.08
53,,27.77
54,byte_stream,22.15
54,gold_trust,27.31
54,solar_grid,20.99
54,agro_futures,26.86
54,metro_rail,19.08
54,quantum_dynamics,27.77
55,byte_stream,21.82
55,gold_trust,27.31
55,solar_grid,20.99
55,agro_futures,26.86
55,metro_rail,19.08
55,quantum_dynamics,27.77
56,byte_stream,23.4
56,gold_trust,27.36
56,solar_grid,21.13
56,agro_futures,27.02
56,metro_rail,19.3
56,quantum_dynamics,28.09
57,byte_stream,24.21
57,gold_trust,27.05
57,solar_grid,20.76
57,agro_futures,27.17
57,metro_rail,19.06
57,quantum_dynamics,27.74
58,byte_stream,23.47
58,gold_trust,27.05
58,solar_grid,20.45
58,agro_futures,27.46
58,metro_rail,18.85
58,quantum_dynamics,27.52
59,byte_stream,24.72
59,gold_trust,26.79
59,solar_grid,20.51
59,agro_futures,27.78
59,metro_rail,18.59
59,quantum_dynamics,27.17
60,byte_stream,
60,gold_trust,27.16
60,solar_grid,20.49
60,agro_futures,27.67
60,metro_rail,18.69
60,quantum_dynamics,27.47
61,byte_stream,25.94
61,gold_trust,27.16
61,solar_grid,20.49
61,agro_futures,27.67
61,metro_rail,18.69
61,quantum_dynamics,27.47
62,byte_stream,25.99
62,gold_trust,27.16
62,solar_grid,20.49
62,agro_futures,27.67
62,metro_rail,18.69
62,quantum_dynamics,27.47
63,byte_stream,26.13
63,gold_trust,
63,solar_grid,20.77
63,agro_futures,27.74
63,metro_rail,18.9
63,quantum_dynamics,27.74
64,byte_stream,24.33
64,gold_trust,
64,solar_grid,20.97
64,agro_futures,27.85
64,metro_rail,18.95
64,quantum_dynamics,27.9
65,byte_stream,22.5
65,gold_trust,27.26
65,solar_grid,20.86
65,agro_futures,27.81
65,metro_rail,18.94
65,quantum_dynamics,27.99
66,byte_stream,
66,,27.14
66,solar_grid,20.97
66,agro_futures,28.29
66,metro_rail,19.02
66,quantum_dynamics,28.11
67,byte_stream,21.08
67,gold_trust,27.19
67,solar_grid,21.28
67,agro_futures,28.09
67,metro_rail,19.35
67,quantum_dynamics,28.61
68,byte_stream,20.01
68,gold_trust,27.19
68,solar_grid,21.28
68,agro_futures,28.09
68,,19.35
68,quantum_dynamics,28.61
69,byte_stream,21.62
69,gold_trust,27.19
69,solar_grid,21.28
69,,28.09
69,metro_rail,19.35
69,quantum_dynamics,28.61
70,byte_stream,20.78
70,gold_trust,27.13
70,solar_grid,21.41
70,,28.18
70,metro_rail,19.33
70,quantum_dynamics,28.72
71,byte_stream,20.76
71,gold_trust,27.26
71,solar_grid,21.23
71,agro_futures,
71,metro_rail,19.2
71,quantum_dynamics,28.43
72,byte_stream,18.67
72,gold_trust,27.23
72,solar_grid,
72,agro_futures,28.12
72,metro_rail,19.09
72,quantum_dynamics,28.37
73,byte_stream,18.74
73,gold_trust,27.07
73,solar_grid,21.2
73,agro_futures,141.8
73,metro_rail,19.08
73,quantum_dynamics,28.31
74,byte_stream,18.82
74,gold_trust,26.96
74,solar_grid,21.25
74,agro_futures,28.07
74,metro_rail,19.11
74,quantum_dynamics,28.32
75,byte_stream,
75,gold_trust,26.96
75,solar_grid,21.25
75,agro_futures,28.07
75,metro_rail,19.11
75,quantum_dynamics,28.32
76,byte_stream,18.56
76,gold_trust,26.96
76,solar_grid,21.25
76,agro_futures,28.07
76,metro_rail,19.11
76,quantum_dynamics,28.32
77,byte_stream,19.48
77,gold_trust,27.07
77,solar_grid,21.29
77,agro_futures,27.5
77,metro_rail,18.84
77,quantum_dynamics,27.79
78,byte_stream,20.12
78,gold_trust,26.96
78,solar_grid,21.59
78,agro_futures,27.46
78,metro_rail,18.87
78,quantum_dynamics,27.87
79,byte_stream,20.16
79,gold_trust,27.15
79,solar_grid,21.77
79,agro_futures,27.5
79,metro_rail,18.83
79,quantum_dynamics,27.8
80,byte_stream,19.7
80,gold_trust,27.27
80,solar_grid,20.97
80,agro_futures,27.57
80,metro_rail,18.36
80,quantum_dynamics,27.12
81,byte_stream,20.04
81,gold_trust,27.74
81,solar_grid,20.76
81,agro_futures,27.67
81,metro_rail,17.97
81,quantum_dynamics,26.46
82,byte_stream,19.57
82,gold_trust,27.74
82,solar_grid,20.76
82,agro_futures,27.67
82,,17.97
82,quantum_dynamics,26.46
83,byte_stream,19.18
83,gold_trust,27.74
83,solar_grid,20.76
83,agro_futures,27.67
83,metro_rail,17.97
83,quantum_dynamics,26.46
84,byte_stream,18.53
84,gold_trust,27.85
84,solar_grid,21.63
84,agro_futures,27.43
84,metro_rail,18.46
84,quantum_dynamics,27.33
85,byte_stream,17.68
85,gold_trust,27.58
85,solar_grid,21.08
85,agro_futures,27.43
85,metro_rail,18.14
85,quantum_dynamics,26.52
86,byte_stream,17.96
86,gold_trust,27.22
86,solar_grid,
86,agro_futures,27.39
86,metro_rail,18.09
86,quantum_dynamics,26.3
87,byte_stream,16.18
87,gold_trust,27.2
87,solar_grid,20.7
87,agro_futures,28.44
87,metro_rail,18.34
87,quantum_dynamics,26.73
88,byte_stream,15.55
88,gold_trust,27.2
88,solar_grid,20.7
88,agro_futures,28.44
88,metro_rail,18.34
88,quantum_dynamics,26.73
89,byte_stream,15.74
89,gold_trust,27.2
89,,20.7
89,,28.44
89,metro_rail,
89,quantum_dynamics,26.73
90,byte_stream,15.45
90,gold_trust,27.2
90,solar_grid,20.7
90,agro_futures,28.44
90,metro_rail,18.34
90,quantum_dynamics,26.73
91,byte_stream,15.99
91,gold_trust,27.59
91,solar_grid,20.53
91,agro_futures,28.4
91,metro_rail,17.93
91,quantum_dynamics,26.0
92,byte_stream,16.83
92,gold_trust,27.4
92,solar_grid,20.57
92,agro_futures,28.49
92,metro_rail,18.16
92,quantum_dynamics,26.27
93,byte_stream,15.47
93,gold_trust,27.46
93,solar_grid,20.51
93,agro_futures,27.94
93,metro_rail,18.37
93,quantum_dynamics,26.65
94,byte_stream,15.38
94,gold_trust,27.23
94,solar_grid,21.04
94,agro_futures,28.56
94,metro_rail,18.49
94,quantum_dynamics,26.78
95,byte_stream,14.98
95,gold_trust,27.38
95,solar_grid,20.54
95,agro_futures,28.49
95,metro_rail,18.09
95,quantum_dynamics,26.17
96,byte_stream,15.6
96,gold_trust,27.38
96,solar_grid,20.54
96,agro_futures,28.49
96,metro_rail,18.09
96,quantum_dynamics,26.17
97,byte_stream,15.85
97,gold_trust,27.38
97,solar_grid,20.54
97,agro_futures,28.49
97,metro_rail,
97,quantum_dynamics,26.17
98,byte_stream,15.28
98,gold_trust,27.47
98,solar_grid,20.74
98,agro_futures,28.66
98,metro_rail,18.15
98,quantum_dynamics,26.3
99,byte_stream,15.43
99,gold_trust,27.59
99,solar_grid,21.12
99,agro_futures,28.55
99,metro_rail,18.45
99,quantum_dynamics,26.85
100,byte_stream,15.73
100,gold_trust,27.89
100,solar_grid,21.04
100,agro_futures,28.38
100,metro_rail,18.35
100,quantum_dynamics,26.75
101,byte_stream,17.81
101,gold_trust,27.52
101,solar_grid,21.01
101,agro_futures,28.51
101,metro_rail,18.5
101,quantum_dynamics,27.02
102,byte_stream,17.82
102,gold_trust,27.65
102,solar_grid,20.81
102,agro_futures,28.33
102,metro_rail,18.45
102,quantum_dynamics,26.9
103,byte_stream,18.03
103,gold_trust,27.65
103,solar_grid,20.81
103,agro_futures,28.33
103,metro_rail,18.45
103,quantum_dynamics,26.9
104,byte_stream,18.8
104,gold_trust,27.65
104,solar_grid,20.81
104,agro_futures,28.33
104,metro_rail,18.45
104,quantum_dynamics,26.9
105,,18.19
105,gold_trust,27.7
105,solar_grid,20.67
105,agro_futures,28.05
105,metro_rail,18.6
105,quantum_dynamics,27.08
106,byte_stream,17.84
106,gold_trust,27.7
106,solar_grid,20.89
106,agro_futures,27.89
106,,18.79
106,quantum_dynamics,27.56
107,byte_stream,18.43
107,gold_trust,27.78
107,solar_grid,21.35
107,agro_futures,28.09
107,metro_rail,18.81
107,quantum_dynamics,27.61
108,byte_stream,18.72
108,gold_trust,27.69
108,solar_grid,21.31
108,agro_futures,28.01
108,metro_rail,18.7
108,quantum_dynamics,27.39
109,byte_stream,19.97
109,gold_trust,137.4
109,solar_grid,21.32
109,agro_futures,27.61
109,metro_rail,18.54
109,quantum_dynamics,27.04
110,byte_stream,20.08
110,gold_trust,27.48
110,solar_grid,21.32
110,agro_futures,27.61
110,metro_rail,18.54
110,quantum_dynamics,27.04
111,byte_stream,19.87
111,gold_trust,27.48
111,solar_grid,21.32
111,agro_futures,27.61
111,metro_rail,18.54
111,quantum_dynamics,27.04
112,byte_stream,20.16
112,gold_trust,27.19
112,,21.19
112,agro_futures,27.76
112,metro_rail,18.54
112,quantum_dynamics,26.98
113,byte_stream,21.89
113,gold_trust,27.37
113,solar_grid,20.97
113,agro_futures,27.96
113,metro_rail,18.3
113,quantum_dynamics,26.52
114,byte_stream,19.97
114,gold_trust,27.16
114,solar_grid,20.79
114,agro_futures,28.34
114,metro_rail,18.33
114,quantum_dynamics,26.51
115,byte_stream,20.95
115,gold_trust,27.06
115,solar_grid,20.97
115,agro_futures,28.31
115,metro_rail,18.52
115,quantum_dynamics,26.94
116,byte_stream,20.29
116,gold_trust,27.14
116,solar_grid,21.16
116,agro_futures,28.56
116,metro_rail,18.54
116,quantum_dynamics,26.94
117,byte_stream,21.1
117,gold_trust,27.14
117,solar_grid,21.16
117,agro_futures,28.56
117,metro_rail,18.54
117,quantum_dynamics,26.94
118,byte_stream,212.60000000000002
118,gold_trust,27.14
118,solar_grid,21.16
118,agro_futures,28.56
118,metro_rail,18.54
118,quantum_dynamics,26.94
119,byte_stream,20.86
119,gold_trust,27.06
119,solar_grid,20.75
119,agro_futures,28.78
119,,18.39
119,quantum_dynamics,26.74
120,byte_stream,20.59
120,gold_trust,26.81
120,solar_grid,20.52
120,agro_futures,29.1
120,metro_rail,18.44
120,quantum_dynamics,26.99
121,byte_stream,20.85
121,gold_trust,26.78
121,solar_grid,20.64
121,agro_futures,29.04
121,metro_rail,18.3
121,quantum_dynamics,26.87
122,byte_stream,22.0
122,,26.95
122,solar_grid,20.52
122,agro_futures,29.3
122,metro_rail,18.26
122,quantum_dynamics,26.83
123,byte_stream,21.9
123,gold_trust,26.99
123,solar_grid,20.44
123,agro_futures,
123,metro_rail,18.5
123,quantum_dynamics,27.28
124,byte_stream,
124,gold_trust,26.99
124,solar_grid,20.44
124,agro_futures,29.24
124,metro_rail,18.5
124,quantum_dynamics,
125,byte_stream,21.79
125,gold_trust,26.99
125,solar_grid,20.44
125,agro_futures,29.24
125,metro_rail,18.5
125,quantum_dynamics,27.28
126,byte_stream,21.16
126,gold_trust,26.98
126,solar_grid,20.76
126,agro_futures,28.84
126,metro_rail,18.56
126,quantum_dynamics,27.5
127,byte_stream,20.85
127,gold_trust,26.97
127,solar_grid,20.73
127,agro_futures,29.0
127,metro_rail,18.55
127,quantum_dynamics,27.5
128,,21.05
128,gold_trust,26.96
128,solar_grid,21.07
128,agro_futures,28.95
128,metro_rail,
128,quantum_dynamics,27.78
129,byte_stream,20.42
129,gold_trust,27.15
129,solar_grid,22.04
129,agro_futures,28.95
129,metro_rail,18.91
129,quantum_dynamics,28.02
130,byte_stream,19.06
130,gold_trust,27.12
130,solar_grid,21.83
130,agro_futures,28.58
130,metro_rail,18.94
130,quantum_dynamics,28.02
131,byte_stream,19.2
131,gold_trust,27.12
131,solar_grid,21.83
131,agro_futures,28.58
131,metro_rail,18.94
131,quantum_dynamics,28.02
132,byte_stream,19.69
132,gold_trust,27.12
132,solar_grid,21.83
132,agro_futures,28.58
132,metro_rail,18.94
132,quantum_dynamics,28.02
133,byte_stream,19.68
133,gold_trust,27.07
133,solar_grid,22.23
133,agro_futures,28.53
133,metro_rail,18.96
133,quantum_dynamics,28.05
134,byte_stream,19.21
134,gold_trust,26.5
134,solar_grid,22.15
134,agro_futures,29.5
134,metro_rail,18.83
134,quantum_dynamics,27.82
135,byte_stream,18.89
135,gold_trust,26.53
135,solar_grid,22.59
135,agro_futures,29.28
135,metro_rail,18.91
135,quantum_dynamics,28.0
136,byte_stream,18.27
136,gold_trust,26.48
136,solar_grid,22.52
136,agro_futures,28.99
136,metro_rail,18.89
136,quantum_dynamics,27.94
137,byte_stream,18.63
137,gold_trust,26.53
137,solar_grid,22.37
137,agro_futures,29.52
137,metro_rail,18.84
137,quantum_dynamics,27.83
138,byte_stream,
138,gold_trust,
138,solar_grid,
138,agro_futures,
138,metro_rail,
138,quantum_dynamics,
139,byte_stream,19.22
139,gold_trust,26.53
139,solar_grid,22.37
139,agro_futures,29.52
139,metro_rail,18.84
139,quantum_dynamics,
140,byte_stream,19.0
140,gold_trust,26.53
140,solar_grid,22.69
140,agro_futures,29.54
140,metro_rail,18.98
140,quantum_dynamics,27.98
141,byte_stream,18.15
141,gold_trust,26.56
141,solar_grid,22.52
141,agro_futures,29.68
141,metro_rail,18.92
141,quantum_dynamics,27.92
142,byte_stream,17.06
142,gold_trust,26.51
142,solar_grid,22.19
142,agro_futures,29.96
142,metro_rail,18.98
142,quantum_dynamics,28.1
143,byte_stream,17.13
143,gold_trust,26.8
143,solar_grid,21.94
143,agro_futures,29.65
143,metro_rail,18.94
143,quantum_dynamics,28.1
144,byte_stream,16.89
144,gold_trust,26.79
144,,21.83
144,agro_futures,29.77
144,metro_rail,18.9
144,quantum_dynamics,28.13
145,byte_stream,16.6
145,gold_trust,26.79
145,solar_grid,21.83
145,agro_futures,29.77
145,metro_rail,18.9
145,quantum_dynamics,28.13
146,byte_stream,16.63
146,gold_trust,26.79
146,solar_grid,21.83
146,agro_futures,29.77
146,metro_rail,18.9
146,quantum_dynamics,28.13
147,byte_stream,16.11
147,gold_trust,26.79
147,solar_grid,21.83
147,agro_futures,29.77
147,metro_rail,18.9
147,quantum_dynamics,28.13
148,byte_stream,16.87
148,,26.7
148,solar_grid,21.55
148,agro_futures,29.33
148,metro_rail,18.68
148,,27.99
149,byte_stream,16.72
149,gold_trust,26.76
149,solar_grid,21.79
149,agro_futures,28.86
149,metro_rail,18.92
149,quantum_dynamics,28.24
150,byte_stream,16.92
150,,26.73
150,solar_grid,21.47
150,agro_futures,28.89
150,metro_rail,18.79
150,quantum_dynamics,28.16
151,byte_stream,17.02
151,gold_trust,26.62
151,solar_grid,21.21
151,agro_futures,28.71
151,metro_rail,18.99
151,,28.59
152,byte_stream,17.25
152,gold_trust,26.62
152,solar_grid,21.21
152,agro_futures,28.71
152,metro_rail,18.99
152,quantum_dynamics,28.59
153,byte_stream,17.43
153,gold_trust,26.62
153,solar_grid,21.21
153,agro_futures,28.71
153,metro_rail,18.99
153,quantum_dynamics,28.59
154,byte_stream,16.96
154,gold_trust,26.59
154,solar_grid,20.25
154,agro_futures,
154,metro_rail,19.08
154,quantum_dynamics,28.79
155,byte_stream,17.23
155,gold_trust,26.68
155,solar_grid,19.81
155,agro_futures,28.14
155,metro_rail,19.09
155,quantum_dynamics,28.91
156,byte_stream,17.28
156,gold_trust,26.67
156,solar_grid,19.63
156,agro_futures,27.74
156,metro_rail,19.25
156,quantum_dynamics,29.1
157,byte_stream,17.33
157,gold_trust,26.7
157,solar_grid,19.58
157,agro_futures,27.59
157,metro_rail,19.24
157,quantum_dynamics,28.89
158,byte_stream,17.21
158,gold_trust,26.69
158,solar_grid,19.54
158,agro_futures,27.7
158,metro_rail,19.3
158,quantum_dynamics,28.93
159,byte_stream,17.0
159,gold_trust,26.69
159,solar_grid,19.54
159,agro_futures,27.7
159,metro_rail,19.3
159,quantum_dynamics,28.93
160,byte_stream,15.32
160,gold_trust,26.69
160,solar_grid,19.54
160,,27.7
160,metro_rail,19.3
160,quantum_dynamics,28.93
161,,15.59
161,gold_trust,26.7
161,solar_grid,19.52
161,agro_futures,26.93
161,metro_rail,
161,,28.99
162,byte_stream,14.86
162,gold_trust,26.63
162,solar_grid,19.63
162,agro_futures,27.68
162,metro_rail,19.35
162,quantum_dynamics,29.15
163,byte_stream,14.33
163,gold_trust,
163,solar_grid,20.09
163,agro_futures,27.57
163,metro_rail,19.27
163,quantum_dynamics,29.12
164,byte_stream,15.07
164,gold_trust,26.81
164,solar_grid,20.22
164,agro_futures,26.62
164,metro_rail,19.32
164,quantum_dynamics,29.37
165,byte_stream,14.57
165,gold_trust,26.2
165,solar_grid,19.59
165,agro_futures,
165,metro_rail,19.3
165,quantum_dynamics,29.32
166,byte_stream,14.79
166,gold_trust,26.2
166,solar_grid,19.59
166,agro_futures,26.49
166,metro_rail,19.3
166,quantum_dynamics,29.32
167,byte_stream,14.67
167,gold_trust,26.2
167,solar_grid,19.59
167,agro_futures,26.49
167,metro_rail,19.3
167,quantum_dynamics,29.32
168,byte_stream,15.2
168,gold_trust,26.24
168,solar_grid,19.7
168,agro_futures,26.11
168,metro_rail,19.26
168,quantum_dynamics,29.32
169,byte_stream,15.28
169,gold_trust,26.23
169,solar_grid,19.7
169,agro_futures,25.94
169,metro_rail,19.18
169,quantum_dynamics,29.24
170,byte_stream,15.3
170,gold_trust,26.13
170,solar_grid,19.81
170,agro_futures,25.98
170,metro_rail,19.22
170,quantum_dynamics,29.45
171,byte_stream,15.19
171,gold_trust,26.05
171,solar_grid,19.79
171,agro_futures,26.18
171,metro_rail,19.1
171,quantum_dynamics,29.19
172,byte_stream,13.73
172,gold_trust,26.06
172,solar_grid,19.97
172,agro_futures,26.2
172,metro_rail,19.13
172,quantum_dynamics,29.11
173,byte_stream,13.91
173,gold_trust,
173,solar_grid,19.97
173,agro_futures,26.2
173,metro_rail,19.13
173,quantum_dynamics,
174,byte_stream,13.94
174,gold_trust,26.06
174,solar_grid,19.97
174,agro_futures,26.2
174,metro_rail,95.64999999999999
174,quantum_dynamics,29.11
175,byte_stream,14.11
175,gold_trust,26.02
175,,19.64
175,agro_futures,25.7
175,metro_rail,18.87
175,quantum_dynamics,28.5
176,byte_stream,13.76
176,gold_trust,25.83
176,solar_grid,19.73
176,agro_futures,25.85
176,,18.91
176,quantum_dynamics,28.62
177,byte_stream,13.9
177,gold_trust,25.76
177,solar_grid,19.35
177,agro_futures,25.85
177,metro_rail,18.75
177,quantum_dynamics,28.18
178,byte_stream,13.33
178,gold_trust,25.65
178,solar_grid,19.45
178,agro_futures,25.3
178,metro_rail,18.86
178,quantum_dynamics,28.4
179,byte_stream,14.04
179,gold_trust,25.73
179,solar_grid,19.47
179,agro_futures,25.69
179,metro_rail,
179,,28.42
180,byte_stream,14.46
180,gold_trust,25.73
180,solar_grid,19.47
180,agro_futures,25.69
180,metro_rail,18.88
180,quantum_dynamics,
181,byte_stream,14.42
181,gold_trust,25.73
181,solar_grid,19.47
181,agro_futures,25.69
181,metro_rail,18.88
181,quantum_dynamics,28.42
182,byte_stream,14.93
182,gold_trust,25.49
182,solar_grid,19.6
182,agro_futures,24.75
182,metro_rail,18.94
182,quantum_dynamics,28.64
183,byte_stream,14.74
183,gold_trust,25.73
183,solar_grid,19.45
183,agro_futures,25.14
183,metro_rail,18.84
183,quantum_dynamics,28.39
184,byte_stream,14.89
184,gold_trust,25.73
184,solar_grid,19.45
184,agro_futures,25.14
184,metro_rail,18.84
184,quantum_dynamics,28.39
185,byte_stream,14.99
185,gold_trust,25.85
185,solar_grid,19.6
185,,25.19
185,metro_rail,19.0
185,quantum_dynamics,28.71
186,byte_stream,15.06
186,gold_trust,25.79
186,solar_grid,19.84
186,agro_futures,25.8
186,metro_rail,19.17
186,quantum_dynamics,
187,,15.48
187,gold_trust,25.79
187,solar_grid,19.84
187,agro_futures,25.8
187,metro_rail,19.17
187,quantum_dynamics,29.1
188,byte_stream,15.29
188,gold_trust,25.79
188,solar_grid,19.84
188,agro_futures,25.8
188,metro_rail,19.17
188,quantum_dynamics,29.1
189,byte_stream,15.22
189,gold_trust,25.87
189,solar_grid,20.17
189,agro_futures,25.36
189,metro_rail,19.33
189,quantum_dynamics,29.35
190,byte_stream,14.29
190,gold_trust,25.78
190,solar_grid,
190,agro_futures,24.92
190,metro_rail,19.4
190,quantum_dynamics,29.36
191,byte_stream,14.44
191,,25.55
191,solar_grid,19.69
191,agro_futures,24.29
191,metro_rail,19.26
191,quantum_dynamics,29.2
192,byte_stream,14.06
192,gold_trust,
192,solar_grid,19.79
192,agro_futures,24.68
192,metro_rail,19.43
192,quantum_dynamics,
193,byte_stream,14.08
193,gold_trust,25.49
193,solar_grid,19.62
193,agro_futures,24.22
193,metro_rail,19.45
193,quantum_dynamics,29.62
194,byte_stream,14.17
194,gold_trust,25.49
194,solar_grid,
194,agro_futures,24.22
194,metro_rail,19.45
194,quantum_dynamics,29.62
195,byte_stream,14.36
195,gold_trust,25.49
195,solar_grid,19.62
195,agro_futures,24.22
195,metro_rail,19.45
195,quantum_dynamics,
196,byte_stream,15.22
196,gold_trust,25.45
196,solar_grid,19.6
196,agro_futures,25.06
196,metro_rail,19.43
196,quantum_dynamics,29.54
197,byte_stream,16.53
197,gold_trust,25.2
197,solar_grid,19.42
197,agro_futures,25.39
197,metro_rail,19.51
197,quantum_dynamics,29.73
198,byte_stream,16.64
198,gold_trust,25.21
198,,19.43
198,agro_futures,25.47
198,metro_rail,19.55
198,quantum_dynamics,29.73
199,byte_stream,84.3
199,gold_trust,25.13
199,solar_grid,19.44
199,agro_futures,
199,metro_rail,19.48
199,quantum_dynamics,29.61
200,byte_stream,16.6
200,,
200,solar_grid,19.26
200,agro_futures,26.05
200,metro_rail,19.46
200,quantum_dynamics,29.6
201,byte_stream,16.75
201,gold_trust,25.28
201,solar_grid,19.26
201,agro_futures,26.05
201,metro_rail,19.46
201,quantum_dynamics,29.6
202,byte_stream,16.75
202,gold_trust,25.28
202,solar_grid,19.26
202,agro_futures,26.05
202,metro_rail,19.46
202,quantum_dynamics,29.6
203,byte_stream,17.41
203,gold_trust,25.16
203,solar_grid,19.17
203,agro_futures,26.2
203,metro_rail,19.49
203,quantum_dynamics,29.68
204,byte_stream,19.02
204,gold_trust,25.16
204,solar_grid,19.36
204,agro_futures,25.81
204,metro_rail,19.59
204,quantum_dynamics,29.67
205,,18.47
205,gold_trust,25.32
205,solar_grid,19.8
205,agro_futures,26.35
205,metro_rail,19.76
205,quantum_dynamics,30.02
206,byte_stream,
206,gold_trust,25.19
206,solar_grid,19.54
206,agro_futures,26.51
206,metro_rail,19.7
206,quantum_dynamics,29.72
207,byte_stream,18.43
207,gold_trust,25.14
207,solar_grid,19.18
207,agro_futures,26.55
207,metro_rail,19.57
207,quantum_dynamics,29.28
208,byte_stream,18.49
208,gold_trust,25.14
208,solar_grid,
208,agro_futures,26.55
208,,19.57
208,quantum_dynamics,29.28
209,byte_stream,18.55
209,gold_trust,25.14
209,solar_grid,19.18
209,agro_futures,26.55
209,metro_rail,19.57
209,quantum_dynamics,29.28
210,byte_stream,18.47
210,gold_trust,25.11
210,solar_grid,18.92
210,agro_futures,26.93
210,metro_rail,19.46
210,quantum_dynamics,28.88
211,byte_stream,17.56
211,gold_trust,25.16
211,solar_grid,19.16
211,agro_futures,27.3
211,metro_rail,19.56
211,quantum_dynamics,29.03
212,byte_stream,17.21
212,gold_trust,25.04
212,solar_grid,19.06
212,agro_futures,26.77
212,metro_rail,19.54
212,quantum_dynamics,29.17
213,byte_stream,17.08
213,gold_trust,24.89
213,solar_grid,19.19
213,agro_futures,26.9
213,metro_rail,
213,quantum_dynamics,29.53
214,byte_stream,16.78
214,gold_trust,24.96
214,solar_grid,18.67
214,agro_futures,27.12
214,metro_rail,19.72
214,quantum_dynamics,29.56
215,byte_stream,15.88
215,gold_trust,24.96
215,solar_grid,18.67
215,agro_futures,27.12
215,metro_rail,19.72
215,quantum_dynamics,29.56
216,,15.96
216,gold_trust,24.96
216,solar_grid,18.67
216,agro_futures,27.12
216,metro_rail,19.72
216,quantum_dynamics,29.56
217,byte_stream,15.69
217,gold_trust,24.85
217,solar_grid,18.89
217,agro_futures,27.21
217,metro_rail,19.79
217,quantum_dynamics,29.74
218,byte_stream,15.24
218,gold_trust,24.87
218,solar_grid,19.04
218,agro_futures,27.19
218,metro_rail,19.85
218,quantum_dynamics,29.84
219,byte_stream,14.23
219,gold_trust,24.93
219,solar_grid,19.15
219,agro_futures,27.23
219,metro_rail,19.84
219,quantum_dynamics,29.85
220,byte_stream,14.83
220,gold_trust,24.92
220,solar_grid,19.05
220,agro_futures,27.08
220,metro_rail,19.82
220,quantum_dynamics,29.87
221,byte_stream,13.96
221,gold_trust,
221,solar_grid,18.67
221,agro_futures,26.24
221,metro_rail,19.68
221,quantum_dynamics,29.67
222,byte_stream,14.21
222,gold_trust,24.9
222,solar_grid,18.67
222,agro_futures,26.24
222,metro_rail,19.68
222,quantum_dynamics,29.67
223,byte_stream,14.27
223,gold_trust,24.9
223,solar_grid,18.67
223,agro_futures,26.24
223,metro_rail,19.68
223,quantum_dynamics,29.67
224,byte_stream,14.22
224,gold_trust,24.49
224,solar_grid,18.37
224,agro_futures,26.14
224,metro_rail,19.6
224,quantum_dynamics,295.9
225,byte_stream,
225,gold_trust,24.53
225,solar_grid,18.14
225,agro_futures,26.57
225,metro_rail,19.72
225,quantum_dynamics,
226,byte_stream,14.24
226,gold_trust,24.21
226,solar_grid,
226,agro_futures,26.51
226,metro_rail,19.57
226,quantum_dynamics,29.42
227,byte_stream,14.3
227,gold_trust,24.18
227,solar_grid,17.77
227,agro_futures,26.79
227,metro_rail,19.73
227,quantum_dynamics,29.54
228,byte_stream,14.85
228,gold_trust,
228,solar_grid,17.76
228,agro_futures,26.71
228,metro_rail,
228,quantum_dynamics,29.58
229,byte_stream,14.5
229,gold_trust,24.19
229,solar_grid,17.76
229,agro_futures,26.71
229,metro_rail,19.79
229,quantum_dynamics,29.58
230,byte_stream,14.69
230,gold_trust,24.19
230,solar_grid,17.76
230,agro_futures,26.71
230,metro_rail,19.79
230,quantum_dynamics,29.58
231,byte_stream,14.24
231,gold_trust,24.4
231,solar_grid,18.06
231,agro_futures,26.55
231,metro_rail,19.84
231,quantum_dynamics,29.6
232,byte_stream,14.65
232,gold_trust,24.52
232,solar_grid,18.29
232,agro_futures,26.38
232,metro_rail,19.88
232,quantum_dynamics,29.74
233,byte_stream,14.39
233,gold_trust,24.59
233,solar_grid,18.34
233,agro_futures,25.85
233,metro_rail,19.87
233,quantum_dynamics,29.86
234,byte_stream,14.75
234,gold_trust,24.4
234,solar_grid,18.15
234,agro_futures,25.43
234,metro_rail,
234,quantum_dynamics,29.82
235,byte_stream,15.17
235,gold_trust,24.8
235,solar_grid,18.45
235,agro_futures,25.56
235,,
235,quantum_dynamics,30.07
236,byte_stream,15.27
236,gold_trust,24.8
236,solar_grid,18.45
236,agro_futures,25.56
236,metro_rail,19.96
236,quantum_dynamics,30.07
237,byte_stream,15.14
237,gold_trust,24.8
237,solar_grid,18.45
237,agro_futures,25.56
237,metro_rail,19.96
237,quantum_dynamics,
238,byte_stream,15.54
238,gold_trust,24.86
238,solar_grid,
238,agro_futures,25.43
238,metro_rail,20.12
238,quantum_dynamics,30.34
239,byte_stream,16.02
239,gold_trust,24.82
239,solar_grid,18.38
239,agro_futures,25.01
239,metro_rail,20.12
239,quantum_dynamics,30.39
240,byte_stream,15.91
240,gold_trust,24.76
240,solar_grid,18.67
240,agro_futures,25.03
240,metro_rail,20.24
240,quantum_dynamics,30.69
241,byte_stream,15.75
241,gold_trust,24.62
241,solar_grid,18.26
241,agro_futures,25.01
241,metro_rail,20.15
241,quantum_dynamics,30.61
242,byte_stream,15.89
242,gold_trust,24.68
242,solar_grid,18.4
242,agro_futures,25.74
242,,20.15
242,,30.69
243,byte_stream,16.24
243,gold_trust,24.68
243,solar_grid,18.4
243,agro_futures,25.74
243,,20.15
243,quantum_dynamics,30.69
244,byte_stream,16.42
244,gold_trust,24.68
244,solar_grid,18.4
244,agro_futures,25.74
244,metro_rail,20.15
244,quantum_dynamics,30.69
245,byte_stream,16.39
245,,24.68
245,solar_grid,18.4
245,agro_futures,25.74
245,metro_rail,20.15
245,quantum_dynamics,30.69
246,byte_stream,16.62
246,gold_trust,24.52
246,solar_grid,18.41
246,agro_futures,26.0
246,metro_rail,20.12
246,quantum_dynamics,30.62
247,byte_stream,
247,gold_trust,24.57
247,solar_grid,18.04
247,agro_futures,25.8
247,metro_rail,20.06
247,quantum_dynamics,30.26
248,byte_stream,14.74
248,gold_trust,24.63
248,solar_grid,17.86
248,agro_futures,25.92
248,metro_rail,19.99
248,quantum_dynamics,29.98
249,byte_stream,14.6
249,gold_trust,24.54
249,solar_grid,17.52
249,agro_futures,25.98
249,metro_rail,
249,quantum_dynamics,29.91
250,byte_stream,14.05
250,gold_trust,24.54
250,solar_grid,17.52
250,agro_futures,25.98
250,metro_rail,19.94
250,quantum_dynamics,29.91
251,byte_stream,14.22
251,gold_trust,24.54
251,solar_grid,17.52
251,,25.98
251,metro_rail,19.94
251,quantum_dynamics,29.91
252,byte_stream,14.29
252,gold_trust,24.53
252,solar_grid,17.46
252,agro_futures,26.07
252,metro_rail,
252,quantum_dynamics,29.99
253,byte_stream,14.27
253,gold_trust,24.58
253,solar_grid,17.55
253,agro_futures,26.05
253,metro_rail,20.05
253,quantum_dynamics,30.17
254,byte_stream,14.34
254,gold_trust,24.77
254,solar_grid,17.68
254,agro_futures,25.04
254,metro_rail,20.06
254,quantum_dynamics,30.1
255,byte_stream,14.71
255,gold_trust,24.71
255,solar_grid,17.74
255,agro_futures,24.66
255,metro_rail,20.17
255,quantum_dynamics,30.33
256,byte_stream,14.7
256,gold_trust,24.57
256,solar_grid,17.59
256,agro_futures,24.71
256,metro_rail,20.17
256,quantum_dynamics,30.31
257,byte_stream,14.77
257,gold_trust,24.57
257,solar_grid,17.59
257,agro_futures,24.71
257,metro_rail,20.17
257,quantum_dynamics,30.31
258,byte_stream,14.71
258,gold_trust,24.57
258,solar_grid,17.59
258,agro_futures,24.71
258,metro_rail,20.17
258,quantum_dynamics,30.31
259,byte_stream,14.18
259,gold_trust,24.66
259,solar_grid,17.42
259,agro_futures,25.52
259,metro_rail,20.06
259,quantum_dynamics,29.88
260,byte_stream,14.38
260,gold_trust,24.61
260,solar_grid,17.75
260,agro_futures,25.17
260,metro_rail,20.17
260,quantum_dynamics,30.11
261,byte_stream,14.44
261,gold_trust,24.72
261,solar_grid,17.8
261,agro_futures,25.36
261,metro_rail,
261,quantum_dynamics,30.09
262,byte_stream,14.72
262,gold_trust,24.8
262,solar_grid,18.11
262,agro_futures,25.85
262,metro_rail,20.35
262,quantum_dynamics,30.38
263,byte_stream,15.2
263,gold_trust,24.59
263,solar_grid,18.19
263,agro_futures,26.2
263,metro_rail,20.34
263,quantum_dynamics,30.23
264,byte_stream,15.17
264,gold_trust,24.59
264,solar_grid,18.19
264,agro_futures,26.2
264,metro_rail,20.34
264,quantum_dynamics,30.23
265,byte_stream,15.15
265,gold_trust,24.59
265,solar_grid,18.19
265,agro_futures,26.2
265,metro_rail,20.34
265,quantum_dynamics,
266,byte_stream,14.89
266,gold_trust,24.66
266,solar_grid,18.06
266,agro_futures,26.44
266,metro_rail,20.27
266,quantum_dynamics,30.25
267,byte_stream,14.55
267,gold_trust,24.67
267,solar_grid,18.01
267,agro_futures,26.68
267,metro_rail,20.25
267,quantum_dynamics,30.3
268,byte_stream,14.66
268,gold_trust,24.55
268,solar_grid,17.96
268,agro_futures,26.62
268,metro_rail,20.18
268,quantum_dynamics,30.24
269,byte_stream,15.07
269,gold_trust,24.31
269,solar_grid,17.66
269,agro_futures,26.75
269,metro_rail,20.24
269,quantum_dynamics,30.43
270,byte_stream,15.0
270,gold_trust,24.5
270,solar_grid,17.48
270,agro_futures,26.13
270,metro_rail,20.24
270,quantum_dynamics,30.45
271,byte_stream,
271,gold_trust,24.5
271,,17.48
271,agro_futures,26.13
271,metro_rail,20.24
271,quantum_dynamics,30.45
272,byte_stream,14.96
272,gold_trust,24.5
272,solar_grid,17.48
272,agro_futures,26.13
272,metro_rail,20.24
272,quantum_dynamics,30.45
273,byte_stream,2.9760000000000004
273,gold_trust,24.41
273,solar_grid,87.4
273,agro_futures,26.82
273,metro_rail,20.31
273,quantum_dynamics,30.42
274,byte_stream,14.8
274,gold_trust,24.72
274,solar_grid,17.7
274,agro_futures,26.95
274,metro_rail,20.3
274,quantum_dynamics,30.27
275,byte_stream,14.68
275,gold_trust,24.64
275,solar_grid,17.58
275,agro_futures,26.75
275,metro_rail,20.32
275,quantum_dynamics,30.37
276,byte_stream,14.85
276,gold_trust,24.61
276,solar_grid,17.38
276,agro_futures,26.95
276,metro_rail,20.15
276,quantum_dynamics,29.82
277,byte_stream,14.95
277,gold_trust,24.7
277,solar_grid,16.98
277,agro_futures,27.01
277,metro_rail,20.04
277,quantum_dynamics,29.48
278,,14.87
278,gold_trust,24.7
278,solar_grid,84.9
278,agro_futures,27.01
278,metro_rail,20.04
278,quantum_dynamics,29.48
279,byte_stream,14.91
279,gold_trust,24.7
279,solar_grid,16.98
279,agro_futures,27.01
279,metro_rail,20.04
279,quantum_dynamics,29.48
280,byte_stream,15.02
280,gold_trust,24.35
280,solar_grid,16.78
280,agro_futures,
280,metro_rail,20.03
280,quantum_dynamics,29.28
281,byte_stream,14.99
281,gold_trust,24.41
281,solar_grid,
281,agro_futures,26.73
281,metro_rail,20.0
281,quantum_dynamics,29.28
282,byte_stream,
282,gold_trust,24.45
282,solar_grid,16.15
282,agro_futures,26.6
282,metro_rail,19.34
282,quantum_dynamics,
283,byte_stream,14.12
283,gold_trust,25.15
283,solar_grid,15.92
283,agro_futures,27.08
283,metro_rail,18.95
283,quantum_dynamics,27.74
284,byte_stream,14.16
284,gold_trust,25.04
284,solar_grid,16.08
284,agro_futures,27.41
284,metro_rail,19.22
284,quantum_dynamics,28.37
285,,14.19
285,gold_trust,25.04
285,solar_grid,16.08
285,agro_futures,27.41
285,metro_rail,19.22
285,quantum_dynamics,28.37
286,byte_stream,
286,gold_trust,
286,solar_grid,
286,agro_futures,
286,metro_rail,
286,quantum_dynamics,
287,byte_stream,14.89
287,gold_trust,25.21
287,solar_grid,16.38
287,agro_futures,27.74
287,metro_rail,19.1
287,quantum_dynamics,28.12
288,byte_stream,14.89
288,gold_trust,25.23
288,solar_grid,16.67
288,agro_futures,27.52
288,metro_rail,
288,quantum_dynamics,28.93
289,byte_stream,14.77
289,gold_trust,25.16
289,solar_grid,16.52
289,agro_futures,27.45
289,metro_rail,19.51
289,quantum_dynamics,28.92
290,byte_stream,
290,gold_trust,25.22
290,solar_grid,16.21
290,agro_futures,
290,metro_rail,19.23
290,quantum_dynamics,28.33
291,byte_stream,14.59
291,,
291,solar_grid,16.06
291,agro_futures,26.91
291,metro_rail,19.22
291,quantum_dynamics,28.19
292,byte_stream,14.65
292,gold_trust,25.19
292,solar_grid,16.06
292,agro_futures,26.91
292,metro_rail,19.22
292,quantum_dynamics,28.19
293,byte_stream,14.63
293,gold_trust,25.19
293,solar_grid,16.06
293,agro_futures,26.91
293,metro_rail,19.22
293,quantum_dynamics,28.19
294,byte_stream,14.64
294,gold_trust,25.11
294,solar_grid,15.94
294,agro_futures,27.1
294,metro_rail,19.14
294,quantum_dynamics,28.26
295,byte_stream,14.62
295,gold_trust,25.36
295,solar_grid,15.51
295,agro_futures,27.15
295,metro_rail,19.03
295,quantum_dynamics,28.15
296,byte_stream,14.66
296,gold_trust,25.24
296,solar_grid,15.07
296,agro_futures,5.402000000000001
296,metro_rail,18.44
296,quantum_dynamics,26.9
297,byte_stream,14.62
297,gold_trust,25.27
297,solar_grid,15.4
297,agro_futures,26.47
297,metro_rail,
297,quantum_dynamics,27.7
298,byte_stream,14.62
298,gold_trust,25.34
298,solar_grid,15.05
298,agro_futures,26.97
298,metro_rail,18.46
298,quantum_dynamics,
299,byte_stream,14.63
299,gold_trust,25.34
299,solar_grid,15.05
299,agro_futures,26.97
299,metro_rail,18.46
299,quantum_dynamics,27.12
300,byte_stream,14.64
300,gold_trust,25.34
300,solar_grid,15.05
300,agro_futures,26.97
300,metro_rail,18.46
300,quantum_dynamics,27.12
301,byte_stream,14.3
301,gold_trust,25.17
301,solar_grid,14.92
301,agro_futures,26.9
301,metro_rail,18.34
301,quantum_dynamics,26.68
302,byte_stream,14.3
302,gold_trust,25.14
302,solar_grid,15.34
302,agro_futures,26.75
302,metro_rail,18.63
302,quantum_dynamics,27.1
303,,14.26
303,gold_trust,24.92
303,solar_grid,15.58
303,agro_futures,26.64
303,,18.83
303,quantum_dynamics,27.65
304,byte_stream,14.4
304,gold_trust,25.41
304,solar_grid,16.12
304,agro_futures,26.9
304,metro_rail,19.03
304,quantum_dynamics,28.13
305,byte_stream,14.42
305,gold_trust,25.31
305,solar_grid,16.4
305,agro_futures,27.23
305,,18.91
305,quantum_dynamics,27.84
306,byte_stream,14.36
306,gold_trust,25.31
306,solar_grid,16.4
306,agro_futures,
306,metro_rail,18.91
306,quantum_dynamics,27.84
307,byte_stream,14.39
307,gold_trust,25.31
307,solar_grid,16.4
307,agro_futures,27.23
307,metro_rail,18.91
307,quantum_dynamics,27.84
308,byte_stream,14.49
308,gold_trust,25.28
308,solar_grid,17.27
308,agro_futures,27.43
308,metro_rail,19.02
308,quantum_dynamics,27.74
309,byte_stream,14.58
309,gold_trust,25.16
309,solar_grid,17.18
309,agro_futures,27.37
309,metro_rail,19.13
309,quantum_dynamics,27.91
310,byte_stream,14.74
310,gold_trust,25.21
310,solar_grid,17.7
310,agro_futures,27.3
310,metro_rail,19.54
310,quantum_dynamics,28.65
311,byte_stream,14.57
311,gold_trust,25.14
311,solar_grid,17.22
311,agro_futures,27.39
311,metro_rail,19.49
311,quantum_dynamics,28.5
312,byte_stream,14.41
312,gold_trust,24.8
312,solar_grid,17.01
312,agro_futures,27.12
312,metro_rail,19.31
312,quantum_dynamics,28.03
313,byte_stream,14.47
313,gold_trust,24.8
313,solar_grid,17.01
313,agro_futures,27.12
313,metro_rail,19.31
313,quantum_dynamics,28.03
314,byte_stream,14.47
314,gold_trust,24.8
314,solar_grid,17.01
314,agro_futures,27.12
314,metro_rail,19.31
314,quantum_dynamics,28.03
315,byte_stream,14.38
315,gold_trust,24.7
315,solar_grid,16.85
315,agro_futures,27.23
315,metro_rail,18.93
315,quantum_dynamics,27.25
316,byte_stream,14.36
316,gold_trust,24.65
316,solar_grid,16.73
316,agro_futures,26.88
316,metro_rail,18.9
316,quantum_dynamics,27.25
317,byte_stream,12.95
317,gold_trust,24.83
317,solar_grid,16.58
317,agro_futures,26.91
317,metro_rail,18.76
317,,27.01
318,byte_stream,12.75
318,gold_trust,24.93
318,solar_grid,17.05
318,agro_futures,26.95
318,metro_rail,18.96
318,quantum_dynamics,27.47
319,byte_stream,12.59
319,gold_trust,25.1
319,solar_grid,17.24
319,agro_futures,26.75
319,metro_rail,19.0
319,quantum_dynamics,27.43
320,byte_stream,12.54
320,gold_trust,25.1
320,solar_grid,17.24
320,agro_futures,26.75
320,metro_rail,19.0
320,quantum_dynamics,27.43
321,byte_stream,12.69
321,gold_trust,25.1
321,solar_grid,17.24
321,agro_futures,26.75
321,metro_rail,19.0
321,quantum_dynamics,27.43
322,byte_stream,11.0
322,gold_trust,25.15
322,solar_grid,17.11
322,agro_futures,26.57
322,metro_rail,18.69
322,quantum_dynamics,26.6
323,byte_stream,10.05
323,gold_trust,25.06
323,solar_grid,16.66
323,agro_futures,26.49
323,metro_rail,18.35
323,quantum_dynamics,26.15
324,byte_stream,10.39
324,gold_trust,25.2
324,solar_grid,16.94
324,agro_futures,26.53
324,metro_rail,18.4
324,quantum_dynamics,26.39
325,byte_stream,9.86
325,gold_trust,25.2
325,solar_grid,16.94
325,agro_futures,26.53
325,metro_rail,18.4
325,quantum_dynamics,26.39
326,byte_stream,9.81
326,gold_trust,25.1
326,solar_grid,16.92
326,agro_futures,26.33
326,metro_rail,18.28
326,quantum_dynamics,26.26
327,byte_stream,8.76
327,gold_trust,25.1
327,solar_grid,16.92
327,agro_futures,26.33
327,metro_rail,18.28
327,quantum_dynamics,26.26
328,byte_stream,9.05
328,gold_trust,25.1
328,solar_grid,16.92
328,agro_futures,26.33
328,,18.28
328,,26.26
329,byte_stream,8.53
329,gold_trust,25.09
329,solar_grid,17.39
329,agro_futures,26.11
329,metro_rail,
329,quantum_dynamics,26.8
330,byte_stream,8.62
330,gold_trust,24.9
330,solar_grid,17.84
330,agro_futures,26.14
330,metro_rail,18.63
330,quantum_dynamics,26.8
331,byte_stream,9.61
331,gold_trust,25.11
331,solar_grid,18.38
331,agro_futures,
331,metro_rail,19.05
331,quantum_dynamics,27.59
332,byte_stream,9.66
332,gold_trust,25.17
332,solar_grid,18.19
332,agro_futures,26.42
332,metro_rail,19.01
332,,27.52
333,byte_stream,9.07
333,gold_trust,25.09
333,solar_grid,17.74
333,agro_futures,26.88
333,metro_rail,19.17
333,quantum_dynamics,27.74
334,byte_stream,9.51
334,gold_trust,25.09
334,solar_grid,17.74
334,agro_futures,26.88
334,metro_rail,19.17
334,,27.74
335,byte_stream,9.35
335,gold_trust,25.09
335,solar_grid,17.74
335,agro_futures,26.88
335,metro_rail,19.17
335,quantum_dynamics,27.74
336,byte_stream,8.79
336,gold_trust,25.37
336,solar_grid,18.02
336,agro_futures,27.23
336,metro_rail,19.38
336,quantum_dynamics,28.16
337,,8.93
337,,25.52
337,solar_grid,17.52
337,agro_futures,27.45
337,metro_rail,18.75
337,quantum_dynamics,27.09
338,byte_stream,8.47
338,gold_trust,25.52
338,solar_grid,17.52
338,agro_futures,27.45
338,metro_rail,18.75
338,quantum_dynamics,27.09
339,byte_stream,7.95
339,gold_trust,25.45
339,solar_grid,17.54
339,agro_futures,27.28
339,,18.72
339,quantum_dynamics,27.2
340,byte_stream,7.72
340,gold_trust,25.63
340,solar_grid,17.08
340,agro_futures,27.43
340,metro_rail,18.29
340,quantum_dynamics,26.38
341,byte_stream,7.85
341,gold_trust,25.63
341,solar_grid,17.08
341,agro_futures,27.43
341,metro_rail,18.29
341,quantum_dynamics,26.38
342,byte_stream,8.16
342,gold_trust,25.63
342,solar_grid,17.08
342,agro_futures,27.43
342,metro_rail,18.29
342,quantum_dynamics,26.38
343,byte_stream,7.91
343,gold_trust,25.57
343,solar_grid,16.94
343,agro_futures,27.45
343,metro_rail,18.32
343,quantum_dynamics,26.57
344,byte_stream,7.73
344,gold_trust,25.53
344,solar_grid,16.95
344,agro_futures,27.5
344,metro_rail,18.31
344,quantum_dynamics,26.61
345,byte_stream,7.87
345,gold_trust,25.58
345,solar_grid,17.1
345,agro_futures,27.59
345,metro_rail,18.41
345,quantum_dynamics,26.86
346,byte_stream,7.48
346,gold_trust,25.55
346,solar_grid,17.15
346,agro_futures,27.54
346,metro_rail,18.41
346,quantum_dynamics,26.76
347,byte_stream,7.32
347,gold_trust,25.43
347,,16.9
347,agro_futures,27.63
347,metro_rail,18.05
347,quantum_dynamics,
348,byte_stream,7.31
348,gold_trust,25.43
348,solar_grid,16.9
348,agro_futures,27.63
348,metro_rail,18.05
348,quantum_dynamics,26.15
349,byte_stream,7.34
349,gold_trust,25.43
349,solar_grid,16.9
349,agro_futures,27.63
349,metro_rail,18.05
349,quantum_dynamics,26.15
350,byte_stream,8.0
350,gold_trust,25.65
350,solar_grid,16.51
350,agro_futures,27.63
350,metro_rail,17.68
350,quantum_dynamics,25.56
351,byte_stream,8.34
351,gold_trust,25.68
351,solar_grid,16.36
351,agro_futures,27.63
351,metro_rail,17.68
351,quantum_dynamics,25.67
352,byte_stream,8.46
352,gold_trust,25.74
352,solar_grid,16.04
352,agro_futures,28.0
352,metro_rail,17.41
352,quantum_dynamics,25.12
353,byte_stream,9.33
353,gold_trust,25.98
353,solar_grid,15.76
353,agro_futures,27.52
353,metro_rail,17.13
353,quantum_dynamics,24.71
354,byte_stream,
354,gold_trust,
354,solar_grid,
354,agro_futures,
354,metro_rail,
354,quantum_dynamics,
355,byte_stream,9.06
355,gold_trust,25.78
355,solar_grid,15.56
355,agro_futures,27.76
355,metro_rail,16.78
355,quantum_dynamics,23.97
356,byte_stream,9.03
356,gold_trust,25.78
356,solar_grid,15.56
356,agro_futures,27.76
356,metro_rail,16.78
356,quantum_dynamics,23.97
357,,9.21
357,gold_trust,26.06
357,solar_grid,
357,agro_futures,27.7
357,metro_rail,16.33
357,quantum_dynamics,23.44
358,byte_stream,8.61
358,gold_trust,26.06
358,solar_grid,15.28
358,agro_futures,27.7
358,,16.33
358,quantum_dynamics,23.44
359,byte_stream,8.71
359,gold_trust,26.09
359,solar_grid,15.88
359,agro_futures,27.37
359,metro_rail,17.14
359,quantum_dynamics,24.8
360,byte_stream,8.25
360,gold_trust,26.26
360,solar_grid,15.72
360,agro_futures,27.46
360,metro_rail,17.28
360,quantum_dynamics,24.9
361,byte_stream,8.86
361,gold_trust,26.31
361,solar_grid,15.76
361,agro_futures,27.54
361,metro_rail,17.26
361,,24.92
362,byte_stream,
362,gold_trust,
362,solar_grid,
362,agro_futures,
362,metro_rail,
362,quantum_dynamics,
363,byte_stream,8.73
363,gold_trust,26.31
363,solar_grid,15.76
363,agro_futures,27.54
363,metro_rail,17.26
363,quantum_dynamics,24.92
364,byte_stream,8.45
364,gold_trust,26.28
364,solar_grid,15.74
364,agro_futures,27.5
364,metro_rail,17.41
364,quantum_dynamics,25.11
365,byte_stream,8.68
365,gold_trust,26.28
365,solar_grid,15.74
365,agro_futures,27.5
365,metro_rail,17.41
365,quantum_dynamics,25.11
366,byte_stream,8.9
366,gold_trust,26.34
366,solar_grid,15.95
366,agro_futures,27.56
366,metro_rail,17.43
366,quantum_dynamics,
367,byte_stream,8.66
367,gold_trust,26.56
367,solar_grid,15.78
367,agro_futures,27.85
367,metro_rail,17.0
367,quantum_dynamics,24.46
368,byte_stream,8.71
368,,26.37
368,solar_grid,16.51
368,agro_futures,28.09
368,metro_rail,17.58
368,quantum_dynamics,25.5
369,byte_stream,8.68
369,gold_trust,26.37
369,solar_grid,
369,agro_futures,28.09
369,metro_rail,17.58
369,quantum_dynamics,25.5
370,byte_stream,9.2
370,gold_trust,
370,solar_grid,16.51
370,agro_futures,28.09
370,metro_rail,17.58
370,quantum_dynamics,25.5
371,byte_stream,9.09
371,gold_trust,26.46
371,solar_grid,16.81
371,agro_futures,28.03
371,,17.71
371,quantum_dynamics,25.82
372,byte_stream,9.1
372,gold_trust,26.38
372,solar_grid,16.82
372,agro_futures,27.87
372,metro_rail,17.88
372,quantum_dynamics,26.1
373,byte_stream,9.11
373,gold_trust,26.51
373,solar_grid,17.06
373,agro_futures,28.01
373,metro_rail,17.95
373,quantum_dynamics,26.33
374,byte_stream,8.3
374,gold_trust,264.1
374,solar_grid,17.43
374,agro_futures,27.59
374,metro_rail,18.03
374,quantum_dynamics,26.44
375,byte_stream,8.32
375,gold_trust,26.46
375,solar_grid,17.3
375,agro_futures,27.74
375,metro_rail,18.03
375,quantum_dynamics,26.38
376,byte_stream,8.26
376,gold_trust,26.46
376,solar_grid,17.3
376,agro_futures,27.74
376,metro_rail,18.03
376,quantum_dynamics,26.38
377,byte_stream,8.02
377,gold_trust,26.46
377,solar_grid,17.3
377,agro_futures,27.74
377,metro_rail,18.03
377,quantum_dynamics,
378,byte_stream,8.37
378,gold_trust,26.5
378,solar_grid,17.27
378,agro_futures,277.6
378,metro_rail,17.93
378,quantum_dynamics,26.14
379,byte_stream,8.2
379,gold_trust,26.44
379,solar_grid,17.28
379,agro_futures,27.23
379,metro_rail,18.13
379,quantum_dynamics,26.58
380,byte_stream,8.25
380,gold_trust,26.55
380,solar_grid,17.19
380,agro_futures,27.43
380,metro_rail,18.17
380,quantum_dynamics,26.62
381,byte_stream,8.3
381,gold_trust,26.54
381,solar_grid,17.49
381,agro_futures,27.87
381,,
381,quantum_dynamics,26.81
382,byte_stream,8.26
382,gold_trust,26.34
382,solar_grid,17.36
382,agro_futures,28.0
382,metro_rail,18.55
382,quantum_dynamics,27.09
383,byte_stream,8.42
383,gold_trust,26.34
383,solar_grid,17.36
383,agro_futures,28.0
383,metro_rail,18.55
383,quantum_dynamics,27.09
384,byte_stream,8.13
384,gold_trust,26.34
384,solar_grid,17.36
384,agro_futures,28.0
384,metro_rail,18.55
384,quantum_dynamics,27.09
385,byte_stream,8.07
385,gold_trust,26.34
385,solar_grid,17.36
385,agro_futures,28.0
385,metro_rail,18.55
385,quantum_dynamics,27.09
386,byte_stream,
386,gold_trust,26.37
386,solar_grid,17.15
386,agro_futures,
386,metro_rail,18.28
386,quantum_dynamics,26.57
387,byte_stream,8.09
387,gold_trust,26.38
387,solar_grid,17.48
387,agro_futures,
387,metro_rail,18.32
387,quantum_dynamics,26.59
388,,8.13
388,gold_trust,26.3
388,solar_grid,18.03
388,agro_futures,27.65
388,metro_rail,18.35
388,quantum_dynamics,26.77
389,byte_stream,8.13
389,gold_trust,26.67
389,solar_grid,18.47
389,agro_futures,27.89
389,metro_rail,18.51
389,quantum_dynamics,27.12
390,byte_stream,8.13
390,gold_trust,26.67
390,solar_grid,18.47
390,agro_futures,27.89
390,metro_rail,
390,quantum_dynamics,27.12
391,byte_stream,
391,gold_trust,
391,solar_grid,
391,agro_futures,
391,metro_rail,
391,quantum_dynamics,
392,byte_stream,7.83
392,gold_trust,26.78
392,solar_grid,18.89
392,agro_futures,27.85
392,metro_rail,18.36
392,quantum_dynamics,
393,byte_stream,7.78
393,,26.9
393,solar_grid,18.67
393,agro_futures,27.67
393,metro_rail,18.33
393,quantum_dynamics,26.6
394,byte_stream,7.87
394,gold_trust,26.93
394,solar_grid,
394,agro_futures,27.96
394,metro_rail,18.62
394,quantum_dynamics,27.18
395,byte_stream,7.81
395,gold_trust,27.13
395,solar_grid,
395,agro_futures,27.61
395,metro_rail,18.78
395,quantum_dynamics,
396,,7.87
396,gold_trust,27.07
396,solar_grid,19.28
396,agro_futures,27.74
396,metro_rail,18.8
396,quantum_dynamics,27.49
397,byte_stream,7.95
397,gold_trust,27.07
397,,19.28
397,agro_futures,27.74
397,,18.8
397,quantum_dynamics,27.49
398,,7.82
398,gold_trust,27.07
398,solar_grid,19.28
398,agro_futures,27.74
398,metro_rail,18.8
398,quantum_dynamics,27.49
399,byte_stream,7.81
399,gold_trust,27.02
399,solar_grid,19.51
399,agro_futures,27.81
399,metro_rail,18.92
399,quantum_dynamics,27.81
400,byte_stream,7.82
400,gold_trust,27.02
400,solar_grid,19.64
400,agro_futures,27.92
400,metro_rail,19.01
400,quantum_dynamics,
401,byte_stream,7.71
401,gold_trust,
401,,19.76
401,agro_futures,27.87
401,metro_rail,18.97
401,quantum_dynamics,27.91
402,byte_stream,7.67
402,gold_trust,269.20000000000005
402,solar_grid,19.43
402,agro_futures,27.61
402,metro_rail,18.79
402,quantum_dynamics,27.58
403,byte_stream,8.28
403,gold_trust,27.01
403,solar_grid,19.3
403,agro_futures,27.45
403,metro_rail,18.8
403,quantum_dynamics,27.62
404,byte_stream,8.29
404,gold_trust,27.01
404,solar_grid,19.3
404,agro_futures,27.45
404,metro_rail,18.8
404,quantum_dynamics,27.62
405,byte_stream,8.33
405,gold_trust,27.01
405,solar_grid,19.3
405,agro_futures,27.45
405,,18.8
405,quantum_dynamics,27.62
406,byte_stream,8.24
406,gold_trust,26.87
406,solar_grid,19.42
406,agro_futures,27.34
406,metro_rail,18.82
406,quantum_dynamics,27.66
407,byte_stream,0.8250000000000001
407,gold_trust,26.92
407,solar_grid,
407,agro_futures,27.74
407,metro_rail,19.06
407,quantum_dynamics,28.06
408,byte_stream,8.2
408,gold_trust,26.95
408,solar_grid,19.76
408,agro_futures,27.78
408,metro_rail,19.12
408,quantum_dynamics,28.08
409,byte_stream,8.16
409,gold_trust,26.93
409,solar_grid,20.04
409,agro_futures,27.48
409,metro_rail,19.07
409,quantum_dynamics,
410,byte_stream,8.17
410,gold_trust,27.1
410,solar_grid,19.71
410,agro_futures,27.48
410,metro_rail,19.27
410,quantum_dynamics,28.28
411,byte_stream,8.19
411,gold_trust,27.1
411,solar_grid,19.71
411,agro_futures,27.48
411,metro_rail,19.27
411,quantum_dynamics,
412,byte_stream,8.29
412,gold_trust,27.1
412,solar_grid,
412,agro_futures,27.48
412,,19.27
412,quantum_dynamics,
413,byte_stream,8.84
413,gold_trust,27.1
413,solar_grid,19.71
413,agro_futures,27.48
413,metro_rail,19.27
413,quantum_dynamics,28.28
414,byte_stream,8.91
414,gold_trust,27.55
414,solar_grid,20.37
414,agro_futures,
414,metro_rail,19.3
414,,28.33
415,byte_stream,9.03
415,,27.62
415,solar_grid,20.26
415,agro_futures,27.19
415,metro_rail,19.34
415,quantum_dynamics,
416,byte_stream,8.93
416,gold_trust,27.21
416,solar_grid,20.7
416,agro_futures,27.54
416,metro_rail,19.27
416,quantum_dynamics,28.23
417,byte_stream,9.04
417,gold_trust,27.33
417,solar_grid,21.35
417,agro_futures,27.52
417,metro_rail,19.39
417,quantum_dynamics,
418,,9.35
418,gold_trust,27.33
418,solar_grid,21.35
418,agro_futures,27.52
418,metro_rail,
418,quantum_dynamics,28.49
419,,8.6
419,gold_trust,27.33
419,solar_grid,21.35
419,agro_futures,27.52
419,metro_rail,19.39
419,quantum_dynamics,28.49
420,byte_stream,8.76
420,gold_trust,27.26
420,solar_grid,21.39
420,agro_futures,27.17
420,metro_rail,19.42
420,quantum_dynamics,28.59
421,byte_stream,8.7
421,gold_trust,27.24
421,solar_grid,21.19
421,agro_futures,26.86
421,metro_rail,19.4
421,quantum_dynamics,
422,byte_stream,8.69
422,gold_trust,27.09
422,solar_grid,21.06
422,,26.68
422,metro_rail,19.39
422,quantum_dynamics,28.59
423,byte_stream,8.7
423,gold_trust,26.99
423,solar_grid,21.15
423,agro_futures,26.55
423,metro_rail,19.34
423,quantum_dynamics,
424,byte_stream,8.71
424,gold_trust,26.65
424,solar_grid,21.26
424,agro_futures,26.69
424,metro_rail,19.47
424,quantum_dynamics,28.74
425,byte_stream,8.72
425,gold_trust,26.65
425,solar_grid,21.26
425,agro_futures,26.69
425,metro_rail,
425,quantum_dynamics,28.74
426,byte_stream,8.68
426,gold_trust,26.65
426,solar_grid,21.26
426,agro_futures,26.69
426,metro_rail,19.47
426,quantum_dynamics,28.74
427,byte_stream,8.49
427,gold_trust,26.41
427,,21.19
427,agro_futures,26.77
427,metro_rail,19.39
427,quantum_dynamics,28.68
428,byte_stream,8.8
428,gold_trust,26.36
428,solar_grid,20.99
428,agro_futures,26.84
428,metro_rail,19.37
428,quantum_dynamics,28.67
429,byte_stream,8.81
429,gold_trust,26.42
429,solar_grid,20.38
429,agro_futures,26.58
429,metro_rail,19.25
429,,28.41
430,byte_stream,
430,gold_trust,
430,solar_grid,
430,agro_futures,
430,metro_rail,
430,quantum_dynamics,
431,byte_stream,8.81
431,gold_trust,26.67
431,,19.68
431,agro_futures,26.02
431,metro_rail,19.05
431,quantum_dynamics,28.04
432,byte_stream,8.95
432,gold_trust,26.67
432,solar_grid,19.68
432,agro_futures,26.02
432,metro_rail,19.05
432,quantum_dynamics,28.04
433,byte_stream,8.92
433,gold_trust,26.67
433,solar_grid,19.68
433,agro_futures,26.02
433,metro_rail,19.05
433,quantum_dynamics,28.04
434,byte_stream,8.82
434,gold_trust,26.5
434,solar_grid,20.38
434,agro_futures,25.85
434,metro_rail,19.33
434,quantum_dynamics,28.6
435,byte_stream,8.82
435,gold_trust,
435,solar_grid,20.43
435,agro_futures,26.14
435,metro_rail,19.39
435,quantum_dynamics,28.73
436,byte_stream,8.82
436,gold_trust,26.88
436,solar_grid,20.51
436,agro_futures,26.2
436,metro_rail,19.52
436,quantum_dynamics,28.93
437,byte_stream,8.86
437,gold_trust,26.59
437,solar_grid,20.46
437,agro_futures,26.51
437,metro_rail,19.5
437,quantum_dynamics,28.88
438,byte_stream,8.94
438,gold_trust,
438,solar_grid,20.38
438,agro_futures,27.37
438,metro_rail,19.6
438,quantum_dynamics,29.1
439,byte_stream,9.14
439,gold_trust,26.76
439,solar_grid,20.38
439,agro_futures,27.37
439,metro_rail,19.6
439,quantum_dynamics,29.1
440,byte_stream,9.09
440,gold_trust,26.76
440,solar_grid,20.38
440,agro_futures,27.37
440,metro_rail,19.6
440,quantum_dynamics,29.1
441,byte_stream,9.1
441,gold_trust,26.73
441,solar_grid,20.8
441,agro_futures,27.24
441,metro_rail,19.67
441,quantum_dynamics,29.2
442,byte_stream,9.19
442,gold_trust,26.83
442,solar_grid,20.93
442,agro_futures,27.23
442,metro_rail,19.67
442,quantum_dynamics,29.23
443,byte_stream,9.23
443,gold_trust,26.74
443,solar_grid,21.02
443,agro_futures,27.24
443,metro_rail,19.61
443,quantum_dynamics,29.25
444,byte_stream,9.1
444,gold_trust,26.85
444,solar_grid,20.52
444,,27.59
444,metro_rail,19.83
444,quantum_dynamics,29.67
445,byte_stream,9.08
445,gold_trust,26.97
445,solar_grid,19.75
445,agro_futures,27.74
445,metro_rail,19.45
445,quantum_dynamics,28.92
446,byte_stream,9.11
446,gold_trust,
446,solar_grid,19.75
446,agro_futures,27.74
446,metro_rail,19.45
446,quantum_dynamics,28.92
447,byte_stream,9.08
447,gold_trust,26.97
447,solar_grid,19.75
447,agro_futures,27.74
447,metro_rail,19.45
447,quantum_dynamics,28.92
448,byte_stream,
448,gold_trust,27.18
448,solar_grid,19.62
448,agro_futures,27.85
448,metro_rail,19.43
448,quantum_dynamics,28.9
449,byte_stream,9.0
449,,27.02
449,solar_grid,19.58
449,agro_futures,27.67
449,metro_rail,19.57
449,quantum_dynamics,29.11
450,byte_stream,9.23
450,gold_trust,26.93
450,solar_grid,19.53
450,agro_futures,27.41
450,metro_rail,19.48
450,quantum_dynamics,28.93
451,byte_stream,
451,gold_trust,
451,solar_grid,
451,agro_futures,
451,metro_rail,
451,quantum_dynamics,
452,byte_stream,9.25
452,gold_trust,26.58
452,solar_grid,
452,agro_futures,26.14
452,metro_rail,19.68
452,quantum_dynamics,29.25
453,byte_stream,9.27
453,gold_trust,26.58
453,solar_grid,19.65
453,agro_futures,26.14
453,,19.68
453,quantum_dynamics,29.25
454,byte_stream,9.27
454,gold_trust,26.58
454,solar_grid,19.65
454,agro_futures,26.14
454,metro_rail,19.68
454,quantum_dynamics,29.25
455,byte_stream,9.39
455,gold_trust,26.49
455,solar_grid,20.03
455,agro_futures,26.53
455,metro_rail,19.91
455,quantum_dynamics,29.63
456,byte_stream,11.02
456,gold_trust,26.52
456,solar_grid,20.15
456,agro_futures,26.51
456,metro_rail,19.91
456,quantum_dynamics,29.7
457,byte_stream,
457,gold_trust,26.52
457,solar_grid,20.43
457,agro_futures,26.6
457,metro_rail,19.95
457,quantum_dynamics,29.88
458,byte_stream,11.11
458,gold_trust,26.5
458,solar_grid,20.65
458,agro_futures,26.79
458,metro_rail,20.0
458,quantum_dynamics,29.87
459,byte_stream,11.37
459,gold_trust,26.53
459,solar_grid,21.05
459,agro_futures,26.58
459,metro_rail,20.09
459,quantum_dynamics,30.04
460,byte_stream,11.42
460,gold_trust,265.3
460,solar_grid,21.05
460,agro_futures,26.58
460,metro_rail,20.09
460,quantum_dynamics,30.04
461,byte_stream,
461,gold_trust,26.53
461,solar_grid,21.05
461,agro_futures,26.58
461,metro_rail,20.09
461,quantum_dynamics,
462,byte_stream,11.94
462,gold_trust,26.67
462,solar_grid,21.19
462,agro_futures,26.4
462,metro_rail,20.11
462,quantum_dynamics,30.1
463,byte_stream,11.75
463,gold_trust,26.8
463,solar_grid,20.79
463,agro_futures,26.4
463,metro_rail,19.99
463,quantum_dynamics,29.93
464,byte_stream,12.02
464,gold_trust,26.91
464,solar_grid,21.1
464,agro_futures,26.53
464,metro_rail,20.06
464,quantum_dynamics,30.14
465,,11.43
465,gold_trust,26.49
465,solar_grid,20.73
465,agro_futures,26.4
465,metro_rail,20.06
465,quantum_dynamics,30.08
466,byte_stream,11.49
466,gold_trust,26.53
466,solar_grid,20.88
466,agro_futures,26.47
466,metro_rail,20.19
466,quantum_dynamics,30.22
467,byte_stream,11.5
467,gold_trust,26.53
467,solar_grid,20.88
467,agro_futures,26.47
467,metro_rail,20.19
467,quantum_dynamics,30.22
468,byte_stream,11.67
468,gold_trust,132.65
468,solar_grid,20.88
468,agro_futures,26.47
468,metro_rail,20.19
468,quantum_dynamics,30.22
469,byte_stream,11.44
469,gold_trust,26.46
469,solar_grid,20.98
469,agro_futures,26.6
469,metro_rail,20.18
469,quantum_dynamics,30.19
470,byte_stream,11.82
470,gold_trust,26.16
470,solar_grid,21.16
470,agro_futures,26.33
470,metro_rail,20.19
470,quantum_dynamics,30.28
471,byte_stream,11.86
471,gold_trust,26.16
471,solar_grid,21.35
471,agro_futures,26.27
471,metro_rail,20.14
471,quantum_dynamics,30.26
472,byte_stream,11.96
472,gold_trust,26.15
472,solar_grid,21.29
472,agro_futures,26.29
472,metro_rail,20.17
472,quantum_dynamics,30.27
473,byte_stream,11.97
473,gold_trust,26.15
473,solar_grid,21.29
473,agro_futures,26.29
473,metro_rail,20.17
473,quantum_dynamics,30.27
474,byte_stream,12.05
474,gold_trust,26.15
474,solar_grid,21.29
474,,26.29
474,metro_rail,20.17
474,quantum_dynamics,30.27
475,byte_stream,12.0
475,,26.15
475,solar_grid,21.29
475,agro_futures,26.29
475,metro_rail,20.17
475,quantum_dynamics,30.27
476,byte_stream,12.19
476,gold_trust,26.18
476,solar_grid,21.49
476,agro_futures,26.02
476,metro_rail,20.19
476,quantum_dynamics,30.33
477,byte_stream,12.58
477,gold_trust,26.1
477,solar_grid,21.73
477,agro_futures,25.76
477,metro_rail,20.37
477,quantum_dynamics,30.73
478,byte_stream,12.34
478,gold_trust,26.22
478,solar_grid,21.71
478,agro_futures,25.43
478,metro_rail,20.33
478,quantum_dynamics,30.66
479,byte_stream,11.76
479,gold_trust,26.23
479,solar_grid,
479,agro_futures,25.48
479,metro_rail,20.32
479,quantum_dynamics,30.73
480,byte_stream,11.92
480,gold_trust,26.42
480,solar_grid,21.68
480,agro_futures,25.76
480,metro_rail,20.42
480,quantum_dynamics,30.83
481,byte_stream,11.89
481,gold_trust,26.42
481,solar_grid,21.68
481,agro_futures,25.76
481,metro_rail,20.42
481,quantum_dynamics,30.83
482,byte_stream,11.93
482,gold_trust,26.42
482,solar_grid,21.68
482,agro_futures,25.76
482,metro_rail,20.42
482,quantum_dynamics,30.83
483,byte_stream,11.85
483,gold_trust,26.29
483,solar_grid,21.53
483,agro_futures,25.81
483,metro_rail,20.44
483,quantum_dynamics,30.89
484,byte_stream,12.08
484,gold_trust,26.37
484,solar_grid,21.29
484,,25.91
484,metro_rail,20.46
484,quantum_dynamics,30.64
485,byte_stream,12.2
485,,26.34
485,solar_grid,21.53
485,agro_futures,26.4
485,metro_rail,20.3
485,quantum_dynamics,30.46
486,byte_stream,12.43
486,gold_trust,26.1
486,solar_grid,21.6
486,agro_futures,26.55
486,metro_rail,101.30000000000001
486,quantum_dynamics,30.42
487,byte_stream,13.02
487,gold_trust,26.3
487,solar_grid,22.24
487,agro_futures,26.62
487,metro_rail,20.46
487,quantum_dynamics,
488,byte_stream,13.16
488,gold_trust,26.3
488,solar_grid,22.24
488,agro_futures,26.62
488,metro_rail,
488,quantum_dynamics,30.9
489,byte_stream,13.08
489,gold_trust,26.3
489,solar_grid,22.24
489,agro_futures,26.62
489,metro_rail,20.46
489,quantum_dynamics,30.9
490,byte_stream,12.97
490,gold_trust,26.35
490,solar_grid,21.68
490,agro_futures,26.09
490,metro_rail,20.36
490,quantum_dynamics,30.74
491,byte_stream,13.16
491,gold_trust,26.39
491,solar_grid,22.19
491,agro_futures,26.25
491,metro_rail,20.03
491,quantum_dynamics,30.14
492,byte_stream,
492,gold_trust,5.260000000000001
492,solar_grid,21.86
492,agro_futures,26.05
492,metro_rail,20.0
492,quantum_dynamics,30.06
493,byte_stream,13.94
493,gold_trust,26.39
493,solar_grid,21.06
493,agro_futures,25.26
493,metro_rail,19.94
493,quantum_dynamics,29.94
494,byte_stream,14.4
494,gold_trust,26.43
494,solar_grid,21.55
494,agro_futures,25.12
494,metro_rail,20.01
494,quantum_dynamics,29.96
495,byte_stream,16.26
495,gold_trust,26.43
495,solar_grid,21.55
495,agro_futures,25.12
495,metro_rail,20.01
495,quantum_dynamics,29.96
496,byte_stream,15.74
496,gold_trust,26.43
496,solar_grid,21.55
496,agro_futures,25.12
496,metro_rail,20.01
496,quantum_dynamics,29.96
497,byte_stream,88.2
497,gold_trust,26.73
497,solar_grid,20.73
497,agro_futures,25.48
497,metro_rail,19.53
497,quantum_dynamics,28.94
498,byte_stream,18.05
498,gold_trust,26.62
498,solar_grid,20.98
498,agro_futures,26.44
498,metro_rail,
498,quantum_dynamics,29.27
499,byte_stream,18.52
499,gold_trust,26.65
499,solar_grid,21.4
499,agro_futures,27.1
499,metro_rail,19.8
499,quantum_dynamics,29.6
500,byte_stream,17.8
500,gold_trust,26.42
500,solar_grid,21.94
500,agro_futures,27.79
500,metro_rail,19.97
500,quantum_dynamics,29.89
501,byte_stream,16.58
501,gold_trust,26.2
501,solar_grid,21.43
501,agro_futures,28.11
501,metro_rail,19.86
501,quantum_dynamics,29.58
502,byte_stream,16.41
502,gold_trust,26.2
502,solar_grid,
502,agro_futures,
502,metro_rail,19.86
502,quantum_dynamics,
503,byte_stream,18.51
503,gold_trust,26.2
503,solar_grid,21.43
503,agro_futures,28.11
503,metro_rail,19.86
503,quantum_dynamics,29.58
504,byte_stream,18.01
504,gold_trust,26.24
504,solar_grid,21.21
504,agro_futures,28.53
504,metro_rail,19.72
504,quantum_dynamics,29.15
505,byte_stream,17.98
505,gold_trust,26.15
505,solar_grid,21.86
505,agro_futures,
505,metro_rail,19.89
505,quantum_dynamics,29.47
506,byte_stream,17.34
506,gold_trust,
506,solar_grid,22.0
506,agro_futures,28.93
506,metro_rail,19.83
506,quantum_dynamics,29.33
507,byte_stream,17.79
507,gold_trust,
507,solar_grid,21.28
507,agro_futures,28.58
507,metro_rail,19.6
507,quantum_dynamics,28.87
508,byte_stream,18.03
508,gold_trust,26.38
508,solar_grid,21.64
508,agro_futures,29.65
508,metro_rail,19.63
508,quantum_dynamics,28.9
509,byte_stream,18.18
509,gold_trust,26.38
509,solar_grid,21.64
509,agro_futures,29.65
509,metro_rail,
509,quantum_dynamics,28.9
510,byte_stream,
510,gold_trust,
510,solar_grid,
510,agro_futures,
510,metro_rail,
510,quantum_dynamics,
511,byte_stream,19.88
511,gold_trust,26.38
511,solar_grid,21.64
511,agro_futures,29.65
511,metro_rail,19.63
511,quantum_dynamics,28.9
512,byte_stream,19.68
512,gold_trust,26.24
512,solar_grid,21.89
512,agro_futures,30.82
512,metro_rail,19.46
512,quantum_dynamics,28.79
513,byte_stream,19.55
513,gold_trust,26.33
513,solar_grid,21.74
513,agro_futures,30.71
513,metro_rail,19.33
513,quantum_dynamics,28.56
514,byte_stream,18.78
514,gold_trust,26.46
514,solar_grid,22.04
514,agro_futures,31.99
514,metro_rail,
514,quantum_dynamics,28.64
515,byte_stream,19.36
515,gold_trust,26.85
515,solar_grid,21.78
515,agro_futures,31.31
515,metro_rail,19.11
515,quantum_dynamics,28.21
516,byte_stream,19.33
516,gold_trust,26.85
516,solar_grid,21.78
516,agro_futures,31.31
516,,19.11
516,quantum_dynamics,
517,byte_stream,19.74
517,gold_trust,26.85
517,solar_grid,21.78
517,agro_futures,31.31
517,metro_rail,19.11
517,quantum_dynamics,
518,byte_stream,18.53
518,gold_trust,27.19
518,solar_grid,22.13
518,agro_futures,31.11
518,metro_rail,19.06
518,quantum_dynamics,27.75
519,byte_stream,
519,gold_trust,
519,solar_grid,
519,agro_futures,
519,metro_rail,
519,quantum_dynamics,
520,byte_stream,17.66
520,gold_trust,27.31
520,solar_grid,22.76
520,agro_futures,30.42
520,metro_rail,19.63
520,quantum_dynamics,28.67
521,byte_stream,17.66
521,gold_trust,27.5
521,solar_grid,
521,agro_futures,30.84
521,metro_rail,19.75
521,quantum_dynamics,28.82
522,byte_stream,18.16
522,gold_trust,27.57
522,solar_grid,22.92
522,agro_futures,30.49
522,metro_rail,19.95
522,quantum_dynamics,29.3
523,byte_stream,17.96
523,gold_trust,27.57
523,solar_grid,22.92
523,agro_futures,30.49
523,metro_rail,19.95
523,quantum_dynamics,29.3
524,byte_stream,17.35
524,gold_trust,27.57
524,solar_grid,22.92
524,agro_futures,30.49
524,metro_rail,19.95
524,quantum_dynamics,29.3
525,byte_stream,18.06
525,gold_trust,27.23
525,solar_grid,23.26
525,agro_futures,30.49
525,metro_rail,20.05
525,quantum_dynamics,29.61
526,byte_stream,17.9
526,gold_trust,27.27
526,solar_grid,23.29
526,agro_futures,31.37
526,metro_rail,20.04
526,quantum_dynamics,29.6
527,byte_stream,18.39
527,gold_trust,27.38
527,solar_grid,22.84
527,agro_futures,31.53
527,metro_rail,
527,quantum_dynamics,29.49
528,byte_stream,18.58
528,gold_trust,27.53
528,solar_grid,23.47
528,agro_futures,32.41
528,metro_rail,20.08
528,quantum_dynamics,29.66
529,byte_stream,19.63
529,gold_trust,27.55
529,solar_grid,23.17
529,agro_futures,33.22
529,metro_rail,20.05
529,quantum_dynamics,29.51
530,byte_stream,19.95
530,gold_trust,27.55
530,solar_grid,23.17
530,agro_futures,33.22
530,metro_rail,20.05
530,quantum_dynamics,29.51
531,byte_stream,20.3
531,gold_trust,27.55
531,solar_grid,23.17
531,agro_futures,33.22
531,metro_rail,20.05
531,quantum_dynamics,29.51
532,byte_stream,21.04
532,gold_trust,27.52
532,solar_grid,22.75
532,agro_futures,33.35
532,metro_rail,20.07
532,quantum_dynamics,29.69
533,byte_stream,20.5
533,gold_trust,27.69
533,solar_grid,23.6
533,agro_futures,32.98
533,metro_rail,20.26
533,quantum_dynamics,30.1
534,byte_stream,20.93
534,gold_trust,27.64
534,solar_grid,23.79
534,agro_futures,32.34
534,metro_rail,20.32
534,quantum_dynamics,30.23
535,byte_stream,21.51
535,gold_trust,28.64
535,solar_grid,23.86
535,agro_futures,33.0
535,metro_rail,20.51
535,quantum_dynamics,30.47
536,byte_stream,22.9
536,gold_trust,28.7
536,solar_grid,23.76
536,agro_futures,32.43
536,metro_rail,20.49
536,quantum_dynamics,30.4
537,byte_stream,24.16
537,gold_trust,28.7
537,solar_grid,23.76
537,agro_futures,32.43
537,metro_rail,20.49
537,quantum_dynamics,30.4
538,byte_stream,24.5
538,gold_trust,28.7
538,solar_grid,23.76
538,agro_futures,32.43
538,metro_rail,20.49
538,quantum_dynamics,30.4
539,byte_stream,24.86
539,gold_trust,29.08
539,solar_grid,23.83
539,agro_futures,32.76
539,metro_rail,20.45
539,quantum_dynamics,30.3
540,byte_stream,26.62
540,gold_trust,29.09
540,solar_grid,23.18
540,agro_futures,32.82
540,metro_rail,
540,quantum_dynamics,29.84
541,byte_stream,29.38
541,gold_trust,29.02
541,solar_grid,23.35
541,agro_futures,32.51
541,metro_rail,20.23
541,quantum_dynamics,29.94
542,byte_stream,25.24
542,gold_trust,28.96
542,solar_grid,23.88
542,agro_futures,32.27
542,metro_rail,20.31
542,quantum_dynamics,30.15
543,byte_stream,28.01
543,gold_trust,28.98
543,solar_grid,23.99
543,agro_futures,30.82
543,metro_rail,20.43
543,quantum_dynamics,30.3
544,byte_stream,27.0
544,,28.98
544,solar_grid,23.99
544,agro_futures,30.82
544,metro_rail,20.43
544,quantum_dynamics,30.3
545,byte_stream,
545,gold_trust,
545,solar_grid,
545,agro_futures,
545,metro_rail,
545,quantum_dynamics,
546,byte_stream,23.89
546,gold_trust,28.49
546,solar_grid,24.45
546,agro_futures,30.21
546,metro_rail,20.59
546,quantum_dynamics,30.62
547,byte_stream,24.38
547,gold_trust,28.88
547,solar_grid,24.67
547,agro_futures,6.064
547,metro_rail,20.65
547,quantum_dynamics,30.69
548,byte_stream,27.0
548,gold_trust,29.15
548,solar_grid,
548,agro_futures,31.75
548,metro_rail,20.8
548,,30.92
549,byte_stream,25.32
549,gold_trust,29.15
549,solar_grid,24.79
549,agro_futures,31.75
549,metro_rail,20.8
549,quantum_dynamics,30.92
550,byte_stream,24.78
550,gold_trust,28.72
550,solar_grid,24.83
550,agro_futures,31.83
550,metro_rail,20.77
550,quantum_dynamics,30.89
551,,25.3
551,gold_trust,28.72
551,solar_grid,24.83
551,agro_futures,31.83
551,metro_rail,20.77
551,quantum_dynamics,30.89
552,byte_stream,25.85
552,,28.72
552,solar_grid,24.83
552,agro_futures,31.83
552,metro_rail,20.77
552,quantum_dynamics,30.89
553,byte_stream,27.73
553,gold_trust,28.72
553,solar_grid,24.77
553,agro_futures,32.16
553,metro_rail,20.67
553,quantum_dynamics,30.65
554,byte_stream,28.38
554,gold_trust,28.73
554,solar_grid,24.64
554,agro_futures,31.66
554,metro_rail,
554,quantum_dynamics,30.81
555,byte_stream,27.44
555,gold_trust,28.99
555,solar_grid,24.66
555,agro_futures,31.85
555,metro_rail,20.78
555,quantum_dynamics,31.04
556,byte_stream,25.64
556,gold_trust,28.87
556,solar_grid,24.07
556,agro_futures,32.84
556,metro_rail,20.83
556,quantum_dynamics,31.02
557,byte_stream,26.67
557,gold_trust,28.99
557,solar_grid,24.4
557,agro_futures,32.96
557,metro_rail,20.93
557,quantum_dynamics,31.2
558,byte_stream,25.72
558,gold_trust,28.99
558,solar_grid,24.4
558,agro_futures,32.96
558,metro_rail,20.93
558,quantum_dynamics,31.2
559,byte_stream,23.15
559,gold_trust,28.99
559,solar_grid,24.4
559,agro_futures,32.96
559,metro_rail,20.93
559,quantum_dynamics,31.2
560,byte_stream,24.59
560,gold_trust,29.02
560,solar_grid,24.42
560,agro_futures,32.34
560,metro_rail,20.93
560,quantum_dynamics,31.25
561,byte_stream,21.39
561,gold_trust,28.97
561,solar_grid,24.41
561,agro_futures,31.92
561,metro_rail,20.86
561,quantum_dynamics,31.12
562,byte_stream,21.88
562,gold_trust,29.22
562,solar_grid,24.52
562,agro_futures,31.97
562,metro_rail,20.72
562,quantum_dynamics,30.98
563,byte_stream,24.08
563,gold_trust,29.32
563,solar_grid,24.55
563,agro_futures,31.13
563,metro_rail,20.8
563,quantum_dynamics,31.06
564,byte_stream,23.77
564,gold_trust,29.3
564,solar_grid,24.64
564,agro_futures,31.59
564,metro_rail,20.67
564,quantum_dynamics,30.83
565,byte_stream,24.31
565,gold_trust,29.3
565,solar_grid,24.64
565,,31.59
565,metro_rail,20.67
565,quantum_dynamics,30.83
566,,23.93
566,gold_trust,29.3
566,solar_grid,24.64
566,agro_futures,31.59
566,metro_rail,20.67
566,quantum_dynamics,30.83
567,byte_stream,23.35
567,gold_trust,29.3
567,solar_grid,24.61
567,agro_futures,
567,metro_rail,20.73
567,quantum_dynamics,31.05
568,byte_stream,22.35
568,gold_trust,29.2
568,solar_grid,24.33
568,agro_futures,31.2
568,metro_rail,20.87
568,quantum_dynamics,31.23
569,byte_stream,22.15
569,gold_trust,29.25
569,solar_grid,24.28
569,agro_futures,31.09
569,metro_rail,20.97
569,quantum_dynamics,31.49
570,byte_stream,22.37
570,gold_trust,
570,solar_grid,23.98
570,agro_futures,30.69
570,metro_rail,20.86
570,quantum_dynamics,31.18
571,byte_stream,22.28
571,gold_trust,29.16
571,solar_grid,24.19
571,agro_futures,30.4
571,metro_rail,21.01
571,quantum_dynamics,31.53
572,byte_stream,21.39
572,gold_trust,
572,solar_grid,24.19
572,agro_futures,30.4
572,metro_rail,21.01
572,quantum_dynamics,31.53
573,byte_stream,21.56
573,gold_trust,29.16
573,solar_grid,24.19
573,agro_futures,30.4
573,metro_rail,21.01
573,quantum_dynamics,31.53
574,byte_stream,21.49
574,gold_trust,29.19
574,solar_grid,24.39
574,agro_futures,30.58
574,metro_rail,20.98
574,quantum_dynamics,31.39
575,byte_stream,21.69
575,gold_trust,29.39
575,solar_grid,24.52
575,agro_futures,30.16
575,metro_rail,20.92
575,quantum_dynamics,31.31
576,byte_stream,22.77
576,gold_trust,29.32
576,solar_grid,25.04
576,agro_futures,29.35
576,metro_rail,20.7
576,quantum_dynamics,
577,byte_stream,23.48
577,gold_trust,
577,solar_grid,25.77
577,agro_futures,28.8
577,metro_rail,20.51
577,quantum_dynamics,30.7
578,byte_stream,23.74
578,gold_trust,29.72
578,solar_grid,25.78
578,agro_futures,29.3
578,metro_rail,20.36
578,quantum_dynamics,30.29
579,byte_stream,24.43
579,gold_trust,
579,solar_grid,25.78
579,agro_futures,29.3
579,metro_rail,20.36
579,quantum_dynamics,30.29
580,byte_stream,24.76
580,gold_trust,29.72
580,solar_grid,25.78
580,agro_futures,29.3
580,metro_rail,20.36
580,quantum_dynamics,30.29
581,byte_stream,26.65
581,gold_trust,30.11
581,solar_grid,24.3
581,agro_futures,29.72
581,metro_rail,19.75
581,quantum_dynamics,29.24
582,byte_stream,25.91
582,gold_trust,30.27
582,solar_grid,24.91
582,agro_futures,29.63
582,metro_rail,20.01
582,quantum_dynamics,29.64
583,byte_stream,26.96
583,gold_trust,30.99
583,solar_grid,26.34
583,agro_futures,29.81
583,metro_rail,20.03
583,quantum_dynamics,29.76
584,byte_stream,27.01
584,gold_trust,30.79
584,solar_grid,26.8
584,agro_futures,30.14
584,metro_rail,20.4
584,quantum_dynamics,30.42
585,byte_stream,26.78
585,gold_trust,30.77
585,solar_grid,26.15
585,agro_futures,30.09
585,,20.27
585,quantum_dynamics,30.12
586,byte_stream,25.63
586,gold_trust,30.77
586,solar_grid,26.15
586,agro_futures,30.09
586,metro_rail,20.27
586,quantum_dynamics,30.12
587,byte_stream,26.01
587,gold_trust,30.77
587,solar_grid,26.15
587,,30.09
587,metro_rail,20.27
587,quantum_dynamics,30.12
588,byte_stream,25.69
588,gold_trust,30.95
588,solar_grid,25.73
588,agro_futures,28.25
588,metro_rail,20.02
588,quantum_dynamics,29.76
589,byte_stream,24.6
589,gold_trust,30.88
589,solar_grid,25.72
589,agro_futures,26.84
589,metro_rail,20.32
589,quantum_dynamics,30.34
590,byte_stream,
590,gold_trust,
590,solar_grid,
590,agro_futures,
590,metro_rail,
590,quantum_dynamics,
591,byte_stream,23.28
591,gold_trust,
591,solar_grid,24.54
591,agro_futures,26.46
591,metro_rail,19.77
591,quantum_dynamics,29.39
592,byte_stream,23.42
592,gold_trust,31.1
592,solar_grid,25.3
592,agro_futures,27.21
592,metro_rail,20.06
592,quantum_dynamics,29.88
593,byte_stream,23.1
593,gold_trust,31.1
593,solar_grid,25.3
593,agro_futures,27.21
593,metro_rail,
593,quantum_dynamics,29.88
594,byte_stream,233.5
594,gold_trust,31.1
594,solar_grid,25.3
594,agro_futures,27.21
594,metro_rail,20.06
594,quantum_dynamics,29.88
595,byte_stream,24.64
595,gold_trust,30.85
595,solar_grid,26.03
595,agro_futures,26.77
595,metro_rail,20.3
595,quantum_dynamics,30.29
596,byte_stream,24.3
596,gold_trust,30.93
596,solar_grid,26.27
596,agro_futures,26.36
596,metro_rail,20.14
596,quantum_dynamics,30.08
597,byte_stream,22.89
597,gold_trust,30.93
597,solar_grid,26.92
597,agro_futures,26.58
597,metro_rail,20.31
597,quantum_dynamics,30.35
598,byte_stream,22.87
598,gold_trust,30.78
598,solar_grid,26.3
598,agro_futures,26.64
598,metro_rail,20.3
598,quantum_dynamics,30.24
599,byte_stream,23.49
599,gold_trust,31.39
599,solar_grid,25.5
599,agro_futures,26.38
599,metro_rail,19.77
599,quantum_dynamics,29.34
600,byte_stream,22.93
600,gold_trust,
600,solar_grid,25.5
600,agro_futures,26.38
600,metro_rail,19.77
600,quantum_dynamics,29.34
601,byte_stream,22.89
601,gold_trust,31.39
601,solar_grid,25.5
601,agro_futures,26.38
601,metro_rail,19.77
601,quantum_dynamics,29.34
602,byte_stream,23.41
602,gold_trust,31.38
602,solar_grid,26.1
602,agro_futures,26.29
602,metro_rail,19.99
602,quantum_dynamics,29.72
603,byte_stream,22.99
603,gold_trust,31.68
603,solar_grid,25.76
603,agro_futures,26.18
603,metro_rail,19.92
603,quantum_dynamics,29.62
604,byte_stream,22.02
604,gold_trust,31.62
604,solar_grid,25.88
604,agro_futures,26.6
604,metro_rail,20.05
604,quantum_dynamics,29.73
605,byte_stream,21.47
605,gold_trust,31.38
605,solar_grid,25.92
605,agro_futures,26.38
605,metro_rail,20.31
605,,30.18
606,byte_stream,21.67
606,gold_trust,31.23
606,solar_grid,25.93
606,,26.25
606,metro_rail,20.32
606,quantum_dynamics,30.14
607,byte_stream,21.74
607,gold_trust,
607,solar_grid,25.93
607,agro_futures,26.25
607,metro_rail,20.32
607,quantum_dynamics,30.14
608,byte_stream,22.03
608,gold_trust,31.23
608,solar_grid,25.93
608,agro_futures,26.25
608,metro_rail,20.32
608,quantum_dynamics,30.14
609,byte_stream,23.36
609,gold_trust,31.23
609,solar_grid,25.93
609,agro_futures,26.25
609,metro_rail,20.32
609,quantum_dynamics,30.14
610,byte_stream,23.98
610,gold_trust,31.78
610,solar_grid,25.25
610,agro_futures,25.65
610,metro_rail,20.18
610,quantum_dynamics,29.8
611,byte_stream,23.92
611,gold_trust,31.87
611,solar_grid,
611,agro_futures,
611,metro_rail,20.4
611,quantum_dynamics,30.19
612,byte_stream,23.87
612,gold_trust,31.16
612,solar_grid,25.56
612,agro_futures,25.41
612,metro_rail,20.67
612,quantum_dynamics,30.72
613,byte_stream,23.37
613,gold_trust,30.97
613,solar_grid,
613,agro_futures,25.12
613,metro_rail,20.69
613,quantum_dynamics,30.67
614,byte_stream,23.74
614,gold_trust,30.97
614,solar_grid,25.24
614,agro_futures,25.12
614,metro_rail,20.69
614,quantum_dynamics,30.67
615,byte_stream,23.57
615,gold_trust,30.97
615,solar_grid,
615,agro_futures,25.12
615,metro_rail,20.69
615,quantum_dynamics,30.67
616,byte_stream,23.33
616,gold_trust,30.88
616,solar_grid,24.84
616,agro_futures,24.99
616,metro_rail,20.68
616,quantum_dynamics,30.61
617,byte_stream,22.84
617,gold_trust,30.64
617,solar_grid,24.66
617,agro_futures,25.56
617,metro_rail,20.69
617,quantum_dynamics,30.59
618,byte_stream,22.98
618,gold_trust,30.72
618,,25.31
618,agro_futures,25.54
618,metro_rail,20.84
618,,30.92
619,byte_stream,23.5
619,gold_trust,30.81
619,solar_grid,24.91
619,agro_futures,26.0
619,metro_rail,20.9
619,quantum_dynamics,31.01
620,byte_stream,23.39
620,gold_trust,30.65
620,solar_grid,25.11
620,agro_futures,26.07
620,metro_rail,20.88
620,quantum_dynamics,30.94
621,byte_stream,23.38
621,gold_trust,30.65
621,solar_grid,25.11
621,agro_futures,26.07
621,metro_rail,20.88
621,quantum_dynamics,30.94
622,byte_stream,23.36
622,gold_trust,30.65
622,,25.11
622,agro_futures,26.07
622,metro_rail,20.88
622,quantum_dynamics,30.94
623,byte_stream,23.2
623,,30.9
623,solar_grid,25.61
623,agro_futures,27.43
623,metro_rail,20.82
623,quantum_dynamics,30.86
624,byte_stream,23.12
624,gold_trust,30.94
624,solar_grid,26.47
624,agro_futures,26.99
624,metro_rail,20.87
624,quantum_dynamics,30.98
625,byte_stream,23.02
625,gold_trust,30.99
625,solar_grid,
625,agro_futures,27.23
625,metro_rail,20.88
625,quantum_dynamics,30.95
626,byte_stream,23.18
626,,30.81
626,solar_grid,27.21
626,agro_futures,27.34
626,metro_rail,20.88
626,quantum_dynamics,30.97
627,byte_stream,22.98
627,gold_trust,30.99
627,solar_grid,27.27
627,agro_futures,27.19
627,metro_rail,20.78
627,quantum_dynamics,30.72
628,byte_stream,22.62
628,gold_trust,30.99
628,solar_grid,27.27
628,agro_futures,27.19
628,metro_rail,20.78
628,quantum_dynamics,30.72
629,byte_stream,22.73
629,gold_trust,30.99
629,,
629,agro_futures,27.19
629,metro_rail,20.78
629,quantum_dynamics,30.72
630,,21.96
630,gold_trust,31.33
630,solar_grid,27.41
630,agro_futures,27.37
630,metro_rail,20.78
630,quantum_dynamics,30.7
631,byte_stream,19.46
631,gold_trust,31.5
631,solar_grid,26.42
631,,27.48
631,metro_rail,20.6
631,quantum_dynamics,30.25
632,byte_stream,19.16
632,gold_trust,30.93
632,solar_grid,26.59
632,agro_futures,27.45
632,metro_rail,20.73
632,quantum_dynamics,30.57
633,byte_stream,18.33
633,gold_trust,30.99
633,solar_grid,25.64
633,agro_futures,27.32
633,metro_rail,20.68
633,quantum_dynamics,30.39
634,byte_stream,18.63
634,gold_trust,30.82
634,solar_grid,24.79
634,agro_futures,27.24
634,metro_rail,20.57
634,quantum_dynamics,30.05
635,byte_stream,18.61
635,gold_trust,30.82
635,,24.79
635,agro_futures,27.24
635,metro_rail,20.57
635,quantum_dynamics,30.05
636,byte_stream,18.29
636,gold_trust,30.82
636,solar_grid,24.79
636,agro_futures,27.24
636,metro_rail,20.57
636,quantum_dynamics,30.05
637,byte_stream,18.72
637,gold_trust,30.13
637,solar_grid,24.92
637,agro_futures,28.45
637,metro_rail,20.67
637,quantum_dynamics,30.27
638,byte_stream,18.83
638,gold_trust,30.47
638,solar_grid,24.49
638,agro_futures,28.78
638,metro_rail,20.42
638,quantum_dynamics,29.93
639,byte_stream,
639,gold_trust,30.86
639,solar_grid,24.26
639,agro_futures,28.44
639,metro_rail,20.05
639,quantum_dynamics,29.46
640,byte_stream,18.65
640,gold_trust,30.98
640,solar_grid,24.6
640,,28.51
640,,
640,quantum_dynamics,29.79
641,byte_stream,18.52
641,gold_trust,30.97
641,solar_grid,25.12
641,agro_futures,28.22
641,metro_rail,20.5
641,quantum_dynamics,
642,byte_stream,18.4
642,gold_trust,30.97
642,solar_grid,25.12
642,agro_futures,28.22
642,metro_rail,20.5
642,quantum_dynamics,30.21
643,byte_stream,18.03
643,gold_trust,30.97
643,solar_grid,25.12
643,agro_futures,28.22
643,metro_rail,20.5
643,quantum_dynamics,30.21
644,byte_stream,18.61
644,gold_trust,30.79
644,solar_grid,24.85
644,agro_futures,28.38
644,metro_rail,20.41
644,quantum_dynamics,30.11
645,byte_stream,18.58
645,gold_trust,30.78
645,solar_grid,24.86
645,agro_futures,29.02
645,,20.09
645,quantum_dynamics,29.61
646,byte_stream,19.4
646,gold_trust,30.96
646,solar_grid,24.74
646,agro_futures,28.91
646,metro_rail,20.27
646,quantum_dynamics,29.91
647,byte_stream,19.38
647,gold_trust,30.73
647,solar_grid,
647,agro_futures,27.89
647,metro_rail,20.4
647,quantum_dynamics,30.09
648,byte_stream,18.79
648,gold_trust,30.48
648,solar_grid,25.28
648,agro_futures,29.17
648,metro_rail,20.63
648,quantum_dynamics,30.49
649,byte_stream,18.82
649,gold_trust,30.48
649,solar_grid,
649,agro_futures,29.17
649,metro_rail,20.63
649,quantum_dynamics,30.49
650,byte_stream,18.78
650,gold_trust,30.48
650,solar_grid,25.28
650,agro_futures,29.17
650,metro_rail,20.63
650,quantum_dynamics,30.49
651,byte_stream,18.9
651,gold_trust,30.67
651,solar_grid,25.29
651,agro_futures,29.17
651,metro_rail,20.6
651,quantum_dynamics,30.46
652,byte_stream,1.852
652,gold_trust,30.38
652,solar_grid,25.03
652,agro_futures,28.84
652,metro_rail,20.8
652,quantum_dynamics,30.84
653,byte_stream,18.17
653,gold_trust,30.59
653,solar_grid,24.7
653,agro_futures,28.73
653,metro_rail,20.76
653,quantum_dynamics,30.75
654,byte_stream,18.29
654,gold_trust,30.68
654,solar_grid,24.66
654,agro_futures,28.95
654,metro_rail,20.82
654,quantum_dynamics,30.87
655,byte_stream,18.0
655,gold_trust,30.6
655,solar_grid,24.61
655,agro_futures,28.67
655,metro_rail,20.74
655,quantum_dynamics,30.61
656,byte_stream,18.03
656,gold_trust,30.6
656,solar_grid,24.61
656,agro_futures,28.67
656,metro_rail,20.74
656,quantum_dynamics,30.61
657,byte_stream,
657,gold_trust,
657,solar_grid,
657,agro_futures,
657,,
657,quantum_dynamics,
658,byte_stream,18.61
658,gold_trust,30.48
658,solar_grid,25.17
658,agro_futures,28.4
658,metro_rail,20.88
658,quantum_dynamics,30.89
659,byte_stream,18.24
659,gold_trust,30.46
659,solar_grid,24.4
659,agro_futures,28.45
659,metro_rail,20.81
659,quantum_dynamics,30.67
660,byte_stream,16.96
660,,30.63
660,,24.67
660,agro_futures,28.44
660,metro_rail,20.86
660,quantum_dynamics,30.73
661,byte_stream,16.92
661,gold_trust,30.82
661,solar_grid,24.83
661,agro_futures,28.36
661,metro_rail,20.9
661,quantum_dynamics,30.98
662,byte_stream,19.55
662,gold_trust,30.83
662,solar_grid,24.63
662,agro_futures,28.36
662,metro_rail,20.99
662,quantum_dynamics,31.2
663,byte_stream,20.87
663,gold_trust,30.83
663,solar_grid,24.63
663,agro_futures,28.36
663,metro_rail,20.99
663,quantum_dynamics,31.2
664,byte_stream,21.56
664,gold_trust,30.83
664,solar_grid,2.463
664,,28.36
664,metro_rail,
664,quantum_dynamics,
665,byte_stream,20.89
665,gold_trust,30.63
665,solar_grid,24.71
665,agro_futures,28.16
665,metro_rail,21.11
665,quantum_dynamics,31.51
666,byte_stream,21.28
666,gold_trust,30.57
666,solar_grid,24.77
666,agro_futures,28.33
666,metro_rail,21.09
666,quantum_dynamics,31.32
667,byte_stream,20.78
667,gold_trust,30.7
667,solar_grid,23.82
667,agro_futures,28.66
667,metro_rail,21.16
667,quantum_dynamics,31.43
668,byte_stream,20.77
668,gold_trust,31.07
668,solar_grid,23.84
668,agro_futures,28.6
668,metro_rail,21.09
668,quantum_dynamics,31.38
669,byte_stream,20.91
669,gold_trust,31.0
669,solar_grid,23.91
669,agro_futures,28.55
669,metro_rail,21.3
669,,31.74
670,byte_stream,21.05
670,gold_trust,31.0
670,solar_grid,23.91
670,agro_futures,
670,metro_rail,21.3
670,quantum_dynamics,31.74
671,byte_stream,20.85
671,gold_trust,31.0
671,solar_grid,23.91
671,agro_futures,
671,metro_rail,21.3
671,quantum_dynamics,31.74
672,,21.25
672,gold_trust,31.0
672,solar_grid,23.57
672,agro_futures,
672,metro_rail,21.38
672,quantum_dynamics,31.92
673,byte_stream,21.09
673,gold_trust,30.44
673,solar_grid,23.93
673,agro_futures,28.0
673,metro_rail,21.35
673,quantum_dynamics,31.92
674,byte_stream,21.13
674,gold_trust,30.64
674,solar_grid,23.73
674,agro_futures,27.78
674,metro_rail,21.37
674,quantum_dynamics,31.83
675,byte_stream,20.92
675,gold_trust,30.1
675,solar_grid,23.59
675,agro_futures,27.52
675,metro_rail,21.42
675,quantum_dynamics,31.92
676,byte_stream,
676,,
676,solar_grid,
676,agro_futures,
676,metro_rail,
676,quantum_dynamics,
677,byte_stream,19.9
677,gold_trust,30.04
677,solar_grid,23.63
677,agro_futures,27.67
677,metro_rail,21.48
677,quantum_dynamics,32.07
678,byte_stream,20.44
678,gold_trust,30.04
678,,23.63
678,agro_futures,27.67
678,metro_rail,21.48
678,quantum_dynamics,
679,byte_stream,19.77
679,gold_trust,29.92
679,solar_grid,23.81
679,agro_futures,
679,metro_rail,21.44
679,quantum_dynamics,32.03
680,byte_stream,19.9
680,gold_trust,29.85
680,solar_grid,118.5
680,agro_futures,27.7
680,metro_rail,
680,quantum_dynamics,32.12
681,byte_stream,19.88
681,gold_trust,30.05
681,solar_grid,23.27
681,agro_futures,27.52
681,metro_rail,21.49
681,quantum_dynamics,32.1
682,byte_stream,19.66
682,gold_trust,
682,solar_grid,23.51
682,agro_futures,27.56
682,metro_rail,4.3
682,quantum_dynamics,32.09
683,byte_stream,19.17
683,,
683,solar_grid,23.63
683,agro_futures,27.23
683,metro_rail,21.67
683,quantum_dynamics,32.32
684,byte_stream,19.3
684,gold_trust,30.17
684,solar_grid,23.63
684,agro_futures,27.23
684,metro_rail,21.67
684,quantum_dynamics,32.32
685,byte_stream,19.36
685,gold_trust,30.17
685,solar_grid,23.63
685,agro_futures,27.23
685,metro_rail,21.67
685,quantum_dynamics,32.32
686,byte_stream,18.76
686,gold_trust,30.24
686,solar_grid,23.38
686,agro_futures,26.97
686,metro_rail,21.68
686,quantum_dynamics,32.36
687,byte_stream,18.52
687,gold_trust,30.29
687,solar_grid,23.57
687,agro_futures,27.13
687,metro_rail,21.67
687,quantum_dynamics,32.44
688,byte_stream,18.12
688,gold_trust,30.29
688,solar_grid,23.35
688,agro_futures,26.9
688,metro_rail,21.59
688,quantum_dynamics,32.27
689,byte_stream,17.25
689,gold_trust,30.08
689,solar_grid,23.19
689,agro_futures,27.02
689,metro_rail,21.55
689,quantum_dynamics,32.19
690,byte_stream,16.47
690,gold_trust,30.08
690,solar_grid,23.27
690,agro_futures,27.04
690,metro_rail,21.6
690,quantum_dynamics,32.24
691,byte_stream,16.7
691,gold_trust,30.08
691,solar_grid,23.27
691,agro_futures,27.04
691,metro_rail,21.6
691,quantum_dynamics,32.24
692,byte_stream,15.91
692,gold_trust,30.08
692,solar_grid,23.27
692,agro_futures,27.04
692,metro_rail,21.6
692,quantum_dynamics,32.24
693,byte_stream,16.13
693,gold_trust,29.95
693,,23.58
693,agro_futures,27.17
693,metro_rail,21.76
693,quantum_dynamics,32.67
694,byte_stream,16.29
694,,30.01
694,solar_grid,23.63
694,agro_futures,26.95
694,metro_rail,21.81
694,quantum_dynamics,32.73
695,byte_stream,
695,gold_trust,29.88
695,solar_grid,24.0
695,agro_futures,26.6
695,metro_rail,21.9
695,quantum_dynamics,32.94
696,byte_stream,16.85
696,gold_trust,29.88
696,,24.0
696,agro_futures,26.6
696,metro_rail,21.9
696,quantum_dynamics,32.94
697,byte_stream,17.52
697,gold_trust,30.13
697,solar_grid,
697,agro_futures,27.23
697,metro_rail,21.81
697,quantum_dynamics,32.79
698,byte_stream,17.09
698,gold_trust,30.13
698,solar_grid,
698,agro_futures,27.23
698,metro_rail,21.81
698,quantum_dynamics,32.79
699,byte_stream,16.76
699,gold_trust,30.13
699,solar_grid,23.75
699,agro_futures,27.23
699,metro_rail,21.81
699,quantum_dynamics,32.79
700,byte_stream,16.53
700,,30.06
700,solar_grid,23.66
700,agro_futures,27.39
700,metro_rail,21.62
700,quantum_dynamics,32.43
701,byte_stream,16.52
701,gold_trust,30.39
701,solar_grid,23.98
701,agro_futures,27.28
701,metro_rail,21.48
701,quantum_dynamics,32.25
702,byte_stream,16.37
702,gold_trust,30.3
702,solar_grid,24.19
702,agro_futures,
702,metro_rail,21.62
702,quantum_dynamics,32.42
703,byte_stream,16.81
703,gold_trust,30.36
703,solar_grid,24.09
703,agro_futures,26.8
703,metro_rail,21.65
703,quantum_dynamics,32.44
704,byte_stream,17.04
704,gold_trust,30.0
704,solar_grid,24.41
704,agro_futures,26.88
704,metro_rail,21.85
704,quantum_dynamics,32.76
705,byte_stream,17.06
705,gold_trust,30.0
705,solar_grid,24.41
705,agro_futures,26.88
705,metro_rail,21.85
705,quantum_dynamics,32.76
706,byte_stream,17.08
706,gold_trust,30.0
706,solar_grid,24.41
706,agro_futures,26.88
706,metro_rail,21.85
706,quantum_dynamics,32.76
707,byte_stream,16.71
707,gold_trust,30.0
707,solar_grid,24.32
707,agro_futures,26.82
707,metro_rail,
707,quantum_dynamics,32.63
708,byte_stream,16.43
708,gold_trust,30.07
708,solar_grid,24.21
708,agro_futures,26.64
708,metro_rail,21.75
708,quantum_dynamics,32.61
709,byte_stream,16.29
709,gold_trust,30.21
709,solar_grid,24.61
709,agro_futures,26.24
709,metro_rail,21.82
709,quantum_dynamics,32.75
710,byte_stream,16.35
710,gold_trust,30.15
710,solar_grid,25.09
710,agro_futures,26.91
710,metro_rail,22.0
710,quantum_dynamics,32.99
711,byte_stream,
711,gold_trust,
711,solar_grid,
711,agro_futures,
711,metro_rail,
711,quantum_dynamics,
712,byte_stream,16.08
712,gold_trust,3.0340000000000003
712,solar_grid,25.2
712,agro_futures,26.86
712,metro_rail,22.01
712,quantum_dynamics,33.06
713,byte_stream,16.15
713,gold_trust,30.34
713,solar_grid,25.2
713,agro_futures,26.86
713,metro_rail,22.01
713,quantum_dynamics,33.06
714,byte_stream,15.65
714,gold_trust,30.32
714,solar_grid,25.74
714,agro_futures,28.45
714,metro_rail,22.16
714,quantum_dynamics,33.36
715,byte_stream,14.99
715,gold_trust,30.32
715,solar_grid,
715,agro_futures,28.6
715,metro_rail,22.17
715,quantum_dynamics,33.39
716,byte_stream,16.43
716,gold_trust,30.28
716,solar_grid,25.8
716,agro_futures,28.38
716,metro_rail,22.16
716,quantum_dynamics,33.41
717,byte_stream,16.26
717,gold_trust,30.39
717,solar_grid,25.98
717,agro_futures,28.34
717,metro_rail,22.26
717,quantum_dynamics,33.63
718,byte_stream,
718,gold_trust,30.32
718,solar_grid,26.04
718,agro_futures,28.44
718,metro_rail,22.37
718,quantum_dynamics,33.78
719,byte_stream,16.23
719,gold_trust,
719,solar_grid,26.04
719,agro_futures,28.44
719,metro_rail,22.37
719,quantum_dynamics,33.78
720,byte_stream,16.96
720,gold_trust,30.32
720,solar_grid,26.04
720,agro_futures,28.44
720,metro_rail,22.37
720,quantum_dynamics,33.78
721,byte_stream,16.6
721,gold_trust,30.48
721,solar_grid,26.12
721,agro_futures,28.51
721,,22.39
721,quantum_dynamics,33.85
722,byte_stream,16.53
722,gold_trust,3.0820000000000003
722,solar_grid,26.2
722,agro_futures,
722,metro_rail,22.38
722,quantum_dynamics,33.88
723,byte_stream,
723,gold_trust,30.82
723,solar_grid,26.2
723,agro_futures,28.42
723,metro_rail,22.38
723,quantum_dynamics,33.88
724,byte_stream,16.34
724,gold_trust,31.03
724,solar_grid,26.49
724,agro_futures,28.49
724,metro_rail,22.5
724,quantum_dynamics,34.15
725,byte_stream,16.46
725,gold_trust,31.12
725,solar_grid,26.27
725,agro_futures,28.6
725,metro_rail,22.5
725,quantum_dynamics,34.09
726,byte_stream,16.52
726,gold_trust,31.12
726,solar_grid,26.27
726,agro_futures,28.6
726,metro_rail,22.5
726,quantum_dynamics,34.09
727,byte_stream,16.76
727,gold_trust,31.12
727,solar_grid,26.27
727,agro_futures,28.6
727,metro_rail,22.5
727,quantum_dynamics,34.09
728,byte_stream,16.46
728,gold_trust,31.14
728,solar_grid,26.13
728,agro_futures,28.47
728,metro_rail,22.37
728,quantum_dynamics,33.86
729,byte_stream,16.24
729,gold_trust,31.24
729,solar_grid,26.21
729,agro_futures,28.44
729,metro_rail,22.44
729,quantum_dynamics,33.96
730,byte_stream,16.25
730,gold_trust,31.24
730,solar_grid,
730,agro_futures,28.44
730,metro_rail,22.44
730,quantum_dynamics,33.96
731,byte_stream,15.77
731,gold_trust,31.34
731,solar_grid,27.19
731,agro_futures,28.71
731,metro_rail,22.62
731,quantum_dynamics,34.41
732,byte_stream,
732,gold_trust,31.85
732,solar_grid,27.01
732,agro_futures,28.34
732,metro_rail,22.46
732,quantum_dynamics,34.14
733,byte_stream,16.73
733,gold_trust,31.85
733,solar_grid,27.01
733,agro_futures,28.34
733,metro_rail,22.46
733,quantum_dynamics,34.14
734,byte_stream,16.73
734,gold_trust,31.85
734,solar_grid,27.01
734,agro_futures,283.4
734,metro_rail,22.46
734,quantum_dynamics,34.14
735,byte_stream,17.54
735,gold_trust,32.2
735,solar_grid,26.77
735,agro_futures,28.22
735,metro_rail,22.54
735,quantum_dynamics,34.33
736,byte_stream,18.43
736,gold_trust,32.31
736,solar_grid,27.01
736,agro_futures,28.2
736,metro_rail,22.48
736,quantum_dynamics,34.32
737,byte_stream,18.24
737,gold_trust,32.02
737,solar_grid,27.3
737,agro_futures,28.18
737,metro_rail,22.59
737,quantum_dynamics,34.55
738,byte_stream,17.79
738,gold_trust,31.9
738,solar_grid,27.7
738,agro_futures,28.11
738,metro_rail,22.74
738,quantum_dynamics,34.83
739,byte_stream,18.43
739,gold_trust,32.02
739,solar_grid,27.59
739,,28.29
739,metro_rail,22.68
739,quantum_dynamics,34.74
740,byte_stream,18.14
740,gold_trust,32.02
740,solar_grid,27.59
740,agro_futures,28.29
740,metro_rail,22.68
740,quantum_dynamics,34.74
741,byte_stream,18.49
741,gold_trust,32.02
741,solar_grid,27.59
741,agro_futures,28.29
741,metro_rail,
741,quantum_dynamics,34.74
742,byte_stream,18.38
742,gold_trust,31.83
742,solar_grid,28.21
742,agro_futures,28.56
742,metro_rail,22.83
742,quantum_dynamics,
743,byte_stream,19.93
743,gold_trust,
743,solar_grid,28.46
743,agro_futures,28.53
743,metro_rail,22.8
743,quantum_dynamics,35.01
744,byte_stream,
744,gold_trust,31.91
744,solar_grid,28.22
744,agro_futures,28.42
744,metro_rail,22.84
744,quantum_dynamics,35.04
745,byte_stream,19.69
745,gold_trust,31.85
745,solar_grid,28.44
745,agro_futures,27.54
745,metro_rail,23.03
745,quantum_dynamics,35.41
746,byte_stream,20.16
746,gold_trust,32.05
746,solar_grid,28.66
746,agro_futures,28.55
746,metro_rail,23.12
746,quantum_dynamics,35.53
747,byte_stream,20.19
747,gold_trust,32.05
747,solar_grid,28.66
747,agro_futures,28.55
747,metro_rail,23.12
747,quantum_dynamics,35.53
748,byte_stream,19.65
748,,32.05
748,solar_grid,28.66
748,agro_futures,28.55
748,metro_rail,23.12
748,quantum_dynamics,35.53
749,byte_stream,19.54
749,,32.05
749,solar_grid,28.66
749,agro_futures,28.55
749,metro_rail,23.12
749,quantum_dynamics,35.53
750,byte_stream,19.74
750,gold_trust,32.0
750,solar_grid,28.65
750,agro_futures,28.42
750,,23.06
750,quantum_dynamics,35.46
751,byte_stream,19.6
751,gold_trust,31.98
751,solar_grid,
751,agro_futures,28.51
751,metro_rail,23.07
751,quantum_dynamics,35.51
752,byte_stream,18.98
752,gold_trust,32.17
752,solar_grid,28.48
752,agro_futures,28.88
752,metro_rail,23.09
752,quantum_dynamics,35.58
753,byte_stream,19.06
753,gold_trust,
753,solar_grid,28.41
753,agro_futures,28.4
753,metro_rail,22.88
753,quantum_dynamics,35.25
754,,18.89
754,gold_trust,32.3
754,solar_grid,28.41
754,agro_futures,28.4
754,metro_rail,22.88
754,quantum_dynamics,35.25
755,byte_stream,19.41
755,gold_trust,32.3
755,solar_grid,28.41
755,agro_futures,28.4
755,metro_rail,22.88
755,quantum_dynamics,35.25
756,byte_stream,20.11
756,gold_trust,32.42
756,solar_grid,27.17
756,agro_futures,27.9
756,metro_rail,22.52
756,,34.59
757,byte_stream,21.13
757,gold_trust,32.26
757,solar_grid,27.87
757,agro_futures,28.34
757,metro_rail,22.75
757,quantum_dynamics,35.08
758,byte_stream,21.03
758,gold_trust,32.27
758,solar_grid,28.15
758,agro_futures,28.18
758,metro_rail,22.73
758,quantum_dynamics,35.1
759,byte_stream,21.47
759,gold_trust,32.56
759,solar_grid,28.16
759,agro_futures,27.83
759,metro_rail,22.8
759,quantum_dynamics,35.19
760,byte_stream,21.11
760,gold_trust,32.54
760,solar_grid,27.36
760,agro_futures,27.96
760,,22.4
760,,34.63
761,byte_stream,21.2
761,,32.54
761,solar_grid,27.36
761,agro_futures,27.96
761,metro_rail,22.4
761,quantum_dynamics,34.63
762,byte_stream,21.09
762,gold_trust,32.54
762,solar_grid,27.36
762,agro_futures,27.96
762,metro_rail,22.4
762,quantum_dynamics,34.63
763,byte_stream,20.98
763,gold_trust,32.43
763,solar_grid,27.74
763,agro_futures,27.78
763,metro_rail,22.56
763,quantum_dynamics,35.1
764,byte_stream,20.72
764,gold_trust,31.88
764,solar_grid,29.11
764,agro_futures,28.03
764,metro_rail,22.9
764,quantum_dynamics,35.83
765,byte_stream,21.7
765,gold_trust,32.03
765,solar_grid,29.59
765,agro_futures,27.92
765,metro_rail,23.16
765,quantum_dynamics,35.99
766,byte_stream,21.96
766,gold_trust,32.18
766,solar_grid,29.91
766,agro_futures,27.81
766,metro_rail,23.23
766,quantum_dynamics,36.23
767,byte_stream,22.11
767,gold_trust,32.25
767,solar_grid,29.61
767,agro_futures,28.12
767,metro_rail,23.11
767,,36.03
768,byte_stream,22.27
768,gold_trust,32.25
768,solar_grid,29.61
768,agro_futures,28.12
768,metro_rail,23.11
768,quantum_dynamics,36.03
769,byte_stream,22.84
769,gold_trust,32.25
769,solar_grid,29.61
769,agro_futures,28.12
769,metro_rail,23.11
769,quantum_dynamics,
770,byte_stream,22.25
770,gold_trust,32.37
770,solar_grid,
770,agro_futures,28.0
770,metro_rail,23.28
770,quantum_dynamics,36.44
771,byte_stream,23.04
771,gold_trust,32.19
771,solar_grid,31.14
771,agro_futures,27.85
771,metro_rail,23.32
771,quantum_dynamics,36.48
772,byte_stream,23.31
772,gold_trust,32.22
772,,32.63
772,agro_futures,28.09
772,metro_rail,23.47
772,quantum_dynamics,36.81
773,byte_stream,23.06
773,gold_trust,32.38
773,solar_grid,32.06
773,agro_futures,27.83
773,metro_rail,23.43
773,quantum_dynamics,36.75
774,byte_stream,23.28
774,gold_trust,32.54
774,solar_grid,31.93
774,agro_futures,27.7
774,metro_rail,23.47
774,quantum_dynamics,36.83
775,byte_stream,22.32
775,gold_trust,32.54
775,solar_grid,31.93
775,agro_futures,
775,metro_rail,23.47
775,quantum_dynamics,36.83
776,byte_stream,22.43
776,gold_trust,32.54
776,solar_grid,31.93
776,agro_futures,27.7
776,metro_rail,23.47
776,quantum_dynamics,36.83
777,byte_stream,21.87
777,gold_trust,32.54
777,solar_grid,31.93
777,agro_futures,27.7
777,metro_rail,23.47
777,quantum_dynamics,36.83
778,byte_stream,22.89
778,gold_trust,32.89
778,solar_grid,32.09
778,agro_futures,28.09
778,metro_rail,23.4
778,quantum_dynamics,36.83
779,byte_stream,21.75
779,gold_trust,33.05
779,solar_grid,34.68
779,agro_futures,27.9
779,metro_rail,23.51
779,quantum_dynamics,
780,byte_stream,21.69
780,gold_trust,33.24
780,solar_grid,35.63
780,agro_futures,27.76
780,metro_rail,23.42
780,quantum_dynamics,36.9
781,byte_stream,21.87
781,gold_trust,33.81
781,solar_grid,34.7
781,agro_futures,27.65
781,metro_rail,23.18
781,quantum_dynamics,36.24
782,byte_stream,21.81
782,gold_trust,33.81
782,solar_grid,34.7
782,agro_futures,27.65
782,metro_rail,23.18
782,quantum_dynamics,36.24
783,,22.4
783,gold_trust,33.81
783,solar_grid,34.7
783,agro_futures,27.65
783,metro_rail,23.18
783,quantum_dynamics,36.24
784,,21.78
784,gold_trust,34.38
784,solar_grid,33.4
784,agro_futures,27.3
784,metro_rail,
784,quantum_dynamics,34.9
785,byte_stream,21.09
785,gold_trust,33.86
785,solar_grid,32.19
785,agro_futures,27.32
785,metro_rail,21.72
785,quantum_dynamics,33.93
786,byte_stream,19.91
786,gold_trust,33.72
786,solar_grid,
786,agro_futures,27.17
786,metro_rail,21.64
786,quantum_dynamics,33.99
787,byte_stream,19.83
787,gold_trust,33.72
787,solar_grid,31.06
787,agro_futures,26.73
787,metro_rail,20.69
787,quantum_dynamics,32.42
788,byte_stream,19.58
788,gold_trust,32.16
788,solar_grid,31.04
788,agro_futures,26.88
788,metro_rail,20.52
788,quantum_dynamics,32.42
789,byte_stream,19.41
789,gold_trust,32.16
789,solar_grid,31.04
789,agro_futures,26.88
789,metro_rail,20.52
789,quantum_dynamics,32.42
790,byte_stream,19.33
790,gold_trust,32.16
790,solar_grid,31.04
790,agro_futures,26.88
790,metro_rail,20.52
790,quantum_dynamics,32.42
791,byte_stream,20.02
791,gold_trust,32.74
791,solar_grid,31.48
791,agro_futures,27.48
791,metro_rail,21.46
791,quantum_dynamics,33.88
792,byte_stream,19.84
792,gold_trust,33.76
792,solar_grid,
792,agro_futures,
792,metro_rail,20.86
792,quantum_dynamics,32.86
793,byte_stream,19.76
793,gold_trust,33.74
793,solar_grid,32.79
793,agro_futures,28.38
793,metro_rail,21.74
793,quantum_dynamics,34.13
794,byte_stream,20.49
794,gold_trust,34.26
794,solar_grid,32.62
794,agro_futures,28.2
794,metro_rail,21.0
794,quantum_dynamics,33.07
795,byte_stream,20.59
795,gold_trust,34.35
795,,31.39
795,agro_futures,27.67
795,metro_rail,20.64
795,quantum_dynamics,32.45
796,byte_stream,20.11
796,gold_trust,34.35
796,solar_grid,31.39
796,agro_futures,27.67
796,metro_rail,20.64
796,quantum_dynamics,32.45
797,byte_stream,18.3
797,gold_trust,34.35
797,solar_grid,31.39
797,agro_futures,27.67
797,metro_rail,20.64
797,quantum_dynamics,32.45
798,byte_stream,17.89
798,gold_trust,34.43
798,solar_grid,27.18
798,agro_futures,27.45
798,metro_rail,
798,quantum_dynamics,
799,byte_stream,
799,gold_trust,34.11
799,solar_grid,28.17
799,agro_futures,27.87
799,metro_rail,200.2
799,quantum_dynamics,31.58
800,byte_stream,17.86
800,gold_trust,33.75
800,solar_grid,26.36
800,agro_futures,27.81
800,metro_rail,19.04
800,quantum_dynamics,30.09
801,byte_stream,11.22
801,gold_trust,32.67
801,solar_grid,22.6
801,agro_futures,27.12
801,metro_rail,17.23
801,quantum_dynamics,27.26
802,byte_stream,12.56
802,gold_trust,31.16
802,solar_grid,23.13
802,agro_futures,27.19
802,metro_rail,18.83
802,quantum_dynamics,29.8
803,byte_stream,1.1740000000000002
803,gold_trust,31.16
803,solar_grid,23.13
803,agro_futures,27.19
803,metro_rail,18.83
803,quantum_dynamics,29.8
804,byte_stream,12.17
804,gold_trust,31.16
804,solar_grid,23.13
804,agro_futures,27.19
804,metro_rail,18.83
804,quantum_dynamics,29.8
805,byte_stream,11.32
805,gold_trust,30.55
805,solar_grid,19.41
805,agro_futures,26.02
805,metro_rail,16.57
805,quantum_dynamics,26.13
806,byte_stream,11.8
806,gold_trust,31.35
806,solar_grid,20.85
806,agro_futures,25.23
806,metro_rail,17.56
806,quantum_dynamics,27.76
807,byte_stream,11.83
807,gold_trust,30.37
807,solar_grid,18.94
807,agro_futures,24.59
807,metro_rail,16.65
807,quantum_dynamics,26.45
808,byte_stream,13.98
808,gold_trust,30.4
808,solar_grid,19.58
808,agro_futures,25.34
808,metro_rail,16.73
808,quantum_dynamics,27.06
809,byte_stream,13.99
809,gold_trust,30.51
809,solar_grid,19.36
809,agro_futures,25.21
809,metro_rail,16.01
809,quantum_dynamics,26.04
810,byte_stream,13.96
810,gold_trust,30.51
810,solar_grid,19.36
810,agro_futures,25.21
810,metro_rail,16.01
810,quantum_dynamics,26.04
811,byte_stream,13.16
811,gold_trust,30.51
811,solar_grid,19.36
811,agro_futures,25.21
811,metro_rail,16.01
811,quantum_dynamics,26.04
812,byte_stream,
812,gold_trust,32.22
812,solar_grid,18.91
812,agro_futures,25.19
812,metro_rail,15.54
812,quantum_dynamics,25.96
813,byte_stream,15.2
813,gold_trust,34.13
813,solar_grid,21.47
813,agro_futures,25.47
813,metro_rail,17.0
813,quantum_dynamics,28.07
814,byte_stream,15.08
814,gold_trust,33.56
814,solar_grid,22.47
814,agro_futures,25.56
814,metro_rail,17.19
814,quantum_dynamics,27.95
815,byte_stream,15.16
815,gold_trust,33.92
815,solar_grid,23.12
815,agro_futures,25.58
815,metro_rail,18.26
815,quantum_dynamics,29.51
816,byte_stream,14.6
816,gold_trust,33.39
816,solar_grid,21.25
816,agro_futures,25.37
816,metro_rail,17.65
816,quantum_dynamics,28.39
817,,14.09
817,gold_trust,33.39
817,solar_grid,21.25
817,agro_futures,25.37
817,metro_rail,17.65
817,quantum_dynamics,28.39
818,byte_stream,13.37
818,gold_trust,33.39
818,solar_grid,21.25
818,agro_futures,25.37
818,,17.65
818,quantum_dynamics,28.39
819,byte_stream,
819,gold_trust,33.35
819,solar_grid,21.4
819,agro_futures,25.03
819,metro_rail,18.24
819,quantum_dynamics,29.42
820,byte_stream,14.53
820,gold_trust,32.55
820,solar_grid,21.47
820,agro_futures,24.99
820,metro_rail,17.95
820,quantum_dynamics,29.14
821,byte_stream,14.91
821,gold_trust,32.45
821,solar_grid,20.3
821,agro_futures,24.55
821,metro_rail,17.16
821,quantum_dynamics,27.86
822,byte_stream,15.34
822,gold_trust,33.42
822,solar_grid,20.87
822,agro_futures,24.46
822,metro_rail,17.55
822,quantum_dynamics,28.34
823,byte_stream,15.2
823,gold_trust,33.59
823,solar_grid,20.27
823,agro_futures,24.26
823,metro_rail,17.28
823,quantum_dynamics,27.9
824,byte_stream,15.5
824,gold_trust,33.59
824,solar_grid,20.27
824,agro_futures,24.26
824,metro_rail,
824,quantum_dynamics,27.9
825,byte_stream,15.33
825,gold_trust,33.59
825,solar_grid,20.27
825,agro_futures,24.26
825,metro_rail,17.28
825,quantum_dynamics,27.9
826,byte_stream,16.42
826,gold_trust,34.48
826,solar_grid,21.89
826,agro_futures,24.04
826,metro_rail,18.5
826,quantum_dynamics,29.95
827,byte_stream,16.2
827,gold_trust,34.23
827,solar_grid,22.48
827,agro_futures,24.31
827,metro_rail,18.47
827,quantum_dynamics,29.85
828,byte_stream,16.56
828,gold_trust,34.24
828,solar_grid,23.4
828,agro_futures,24.2
828,metro_rail,19.1
828,quantum_dynamics,30.62
829,byte_stream,16.48
829,gold_trust,35.69
829,solar_grid,23.81
829,agro_futures,24.33
829,metro_rail,
829,quantum_dynamics,30.86
830,byte_stream,15.5
830,gold_trust,35.69
830,solar_grid,
830,agro_futures,24.33
830,metro_rail,19.37
830,quantum_dynamics,30.86
831,byte_stream,15.48
831,,35.69
831,solar_grid,23.81
831,agro_futures,24.33
831,,19.37
831,quantum_dynamics,30.86
832,byte_stream,15.74
832,gold_trust,35.69
832,,23.81
832,agro_futures,24.33
832,metro_rail,19.37
832,quantum_dynamics,30.86
833,byte_stream,15.45
833,gold_trust,35.87
833,solar_grid,23.5
833,agro_futures,24.31
833,metro_rail,19.18
833,quantum_dynamics,31.0
834,byte_stream,15.45
834,gold_trust,36.12
834,solar_grid,
834,agro_futures,23.91
834,metro_rail,19.76
834,quantum_dynamics,32.23
835,byte_stream,2.998
835,gold_trust,35.51
835,solar_grid,23.82
835,agro_futures,23.41
835,metro_rail,19.33
835,quantum_dynamics,31.76
836,byte_stream,16.07
836,gold_trust,35.37
836,solar_grid,23.64
836,agro_futures,23.45
836,metro_rail,
836,quantum_dynamics,32.29
837,byte_stream,16.02
837,gold_trust,
837,solar_grid,24.6
837,agro_futures,23.63
837,metro_rail,
837,quantum_dynamics,32.74
838,byte_stream,16.38
838,gold_trust,34.73
838,solar_grid,24.6
838,agro_futures,23.63
838,metro_rail,
838,quantum_dynamics,32.74
839,byte_stream,16.23
839,gold_trust,34.73
839,solar_grid,24.6
839,agro_futures,23.63
839,metro_rail,19.96
839,quantum_dynamics,32.74
840,,15.54
840,gold_trust,34.98
840,solar_grid,24.38
840,agro_futures,23.05
840,,19.61
840,quantum_dynamics,
841,byte_stream,15.53
841,gold_trust,34.5
841,,23.48
841,agro_futures,22.68
841,metro_rail,19.0
841,quantum_dynamics,31.27
842,byte_stream,16.07
842,gold_trust,35.54
842,solar_grid,24.21
842,agro_futures,23.28
842,metro_rail,19.44
842,quantum_dynamics,32.15
843,byte_stream,16.77
843,gold_trust,35.64
843,solar_grid,24.63
843,agro_futures,23.41
843,metro_rail,19.43
843,quantum_dynamics,32.15
844,byte_stream,17.05
844,gold_trust,
844,solar_grid,24.15
844,agro_futures,23.16
844,metro_rail,19.7
844,quantum_dynamics,32.68
845,byte_stream,17.09
845,gold_trust,35.43
845,solar_grid,24.15
845,agro_futures,23.16
845,metro_rail,19.7
845,quantum_dynamics,32.68
846,byte_stream,17.34
846,gold_trust,35.43
846,solar_grid,24.15
846,agro_futures,23.16
846,metro_rail,3.94
846,quantum_dynamics,32.68
847,byte_stream,17.6
847,gold_trust,35.2
847,solar_grid,24.56
847,agro_futures,22.4
847,metro_rail,19.99
847,quantum_dynamics,6.6080000000000005
848,byte_stream,17.62
848,gold_trust,35.17
848,solar_grid,25.01
848,agro_futures,22.2
848,metro_rail,19.88
848,quantum_dynamics,32.58
849,byte_stream,19.87
849,gold_trust,35.02
849,solar_grid,26.55
849,agro_futures,22.33
849,metro_rail,20.41
849,quantum_dynamics,33.74
850,byte_stream,19.55
850,gold_trust,34.63
850,solar_grid,25.64
850,agro_futures,22.84
850,metro_rail,20.22
850,quantum_dynamics,33.64
851,byte_stream,20.01
851,gold_trust,34.84
851,solar_grid,24.51
851,agro_futures,22.84
851,metro_rail,19.66
851,quantum_dynamics,32.57
852,byte_stream,20.29
852,gold_trust,
852,solar_grid,24.51
852,agro_futures,22.84
852,metro_rail,19.66
852,quantum_dynamics,32.57
853,byte_stream,20.08
853,gold_trust,34.84
853,solar_grid,24.51
853,agro_futures,22.84
853,metro_rail,19.66
853,quantum_dynamics,162.85
854,byte_stream,20.12
854,gold_trust,35.09
854,solar_grid,24.9
854,agro_futures,22.79
854,metro_rail,19.74
854,quantum_dynamics,32.97
855,byte_stream,20.32
855,gold_trust,35.04
855,,25.01
855,agro_futures,22.95
855,metro_rail,19.92
855,quantum_dynamics,33.34
856,byte_stream,20.92
856,gold_trust,34.63
856,solar_grid,26.04
856,agro_futures,22.86
856,metro_rail,19.78
856,quantum_dynamics,33.51
857,byte_stream,22.46
857,gold_trust,35.4
857,solar_grid,26.27
857,agro_futures,23.17
857,metro_rail,20.01
857,quantum_dynamics,33.98
858,byte_stream,22.22
858,gold_trust,35.15
858,solar_grid,27.42
858,agro_futures,23.39
858,metro_rail,
858,quantum_dynamics,34.52
859,byte_stream,21.66
859,gold_trust,35.15
859,solar_grid,27.42
859,agro_futures,23.39
859,metro_rail,20.35
859,quantum_dynamics,34.52
860,byte_stream,19.77
860,gold_trust,35.15
860,solar_grid,27.42
860,agro_futures,23.39
860,metro_rail,20.35
860,quantum_dynamics,34.52
861,byte_stream,19.42
861,gold_trust,34.85
861,solar_grid,27.42
861,agro_futures,23.36
861,metro_rail,20.35
861,quantum_dynamics,
862,byte_stream,19.87
862,gold_trust,35.04
862,solar_grid,27.07
862,agro_futures,23.74
862,metro_rail,19.93
862,quantum_dynamics,34.07
863,byte_stream,20.93
863,gold_trust,35.24
863,solar_grid,26.49
863,agro_futures,23.49
863,metro_rail,19.58
863,,33.54
864,byte_stream,21.97
864,gold_trust,35.73
864,solar_grid,
864,agro_futures,23.49
864,metro_rail,19.81
864,quantum_dynamics,33.85
865,byte_stream,21.06
865,gold_trust,36.05
865,solar_grid,26.29
865,agro_futures,23.41
865,metro_rail,19.89
865,quantum_dynamics,34.12
866,byte_stream,21.17
866,gold_trust,36.05
866,solar_grid,26.29
866,agro_futures,23.41
866,metro_rail,19.89
866,quantum_dynamics,34.12
867,byte_stream,21.83
867,gold_trust,36.05
867,solar_grid,26.29
867,agro_futures,23.41
867,metro_rail,19.89
867,quantum_dynamics,34.12
868,byte_stream,21.96
868,gold_trust,35.6
868,solar_grid,27.99
868,agro_futures,23.52
868,metro_rail,20.51
868,quantum_dynamics,34.95
869,byte_stream,21.96
869,gold_trust,35.86
869,solar_grid,28.56
869,agro_futures,23.56
869,metro_rail,20.3
869,quantum_dynamics,34.76
870,byte_stream,21.5
870,gold_trust,
870,solar_grid,28.78
870,agro_futures,23.43
870,metro_rail,20.64
870,quantum_dynamics,35.48
871,byte_stream,20.5
871,gold_trust,35.37
871,solar_grid,28.32
871,agro_futures,23.3
871,metro_rail,20.48
871,quantum_dynamics,35.14
872,byte_stream,
872,gold_trust,
872,solar_grid,
872,agro_futures,
872,metro_rail,
872,quantum_dynamics,
873,byte_stream,20.79
873,gold_trust,35.66
873,solar_grid,27.83
873,agro_futures,23.32
873,metro_rail,20.52
873,quantum_dynamics,35.29
874,byte_stream,19.84
874,gold_trust,35.66
874,solar_grid,27.83
874,agro_futures,23.32
874,metro_rail,20.52
874,quantum_dynamics,35.29
875,byte_stream,20.11
875,gold_trust,35.66
875,solar_grid,27.83
875,agro_futures,23.32
875,metro_rail,20.52
875,quantum_dynamics,35.29
876,byte_stream,19.94
876,gold_trust,35.05
876,solar_grid,28.73
876,agro_futures,23.39
876,metro_rail,20.78
876,quantum_dynamics,35.35
877,byte_stream,20.72
877,gold_trust,35.16
877,solar_grid,28.64
877,agro_futures,23.5
877,metro_rail,21.08
877,quantum_dynamics,35.62
878,byte_stream,21.5
878,gold_trust,35.22
878,solar_grid,
878,agro_futures,24.02
878,metro_rail,21.04
878,quantum_dynamics,35.46
879,byte_stream,21.31
879,gold_trust,36.01
879,solar_grid,28.73
879,agro_futures,23.89
879,metro_rail,
879,quantum_dynamics,35.91
880,byte_stream,21.9
880,gold_trust,
880,solar_grid,28.73
880,agro_futures,23.89
880,metro_rail,21.14
880,quantum_dynamics,35.91
881,byte_stream,
881,gold_trust,
881,solar_grid,
881,agro_futures,
881,metro_rail,
881,quantum_dynamics,
882,byte_stream,
882,gold_trust,35.98
882,solar_grid,29.68
882,agro_futures,23.71
882,,21.22
882,quantum_dynamics,36.15
883,byte_stream,21.51
883,gold_trust,35.65
883,solar_grid,29.51
883,agro_futures,23.78
883,metro_rail,21.39
883,quantum_dynamics,36.36
884,byte_stream,21.8
884,gold_trust,35.05
884,solar_grid,29.9
884,agro_futures,23.76
884,metro_rail,21.69
884,quantum_dynamics,36.64
885,byte_stream,22.12
885,gold_trust,35.51
885,solar_grid,29.42
885,agro_futures,24.13
885,metro_rail,21.61
885,quantum_dynamics,36.39
886,byte_stream,21.82
886,gold_trust,34.6
886,solar_grid,30.27
886,agro_futures,24.29
886,metro_rail,22.18
886,quantum_dynamics,37.14
887,byte_stream,21.79
887,gold_trust,34.6
887,solar_grid,30.27
887,agro_futures,24.29
887,metro_rail,22.18
887,quantum_dynamics,37.14
888,byte_stream,22.03
888,gold_trust,34.6
888,solar_grid,30.27
888,agro_futures,24.29
888,metro_rail,22.18
888,quantum_dynamics,
889,byte_stream,22.06
889,gold_trust,35.06
889,solar_grid,30.98
889,agro_futures,24.48
889,metro_rail,22.45
889,quantum_dynamics,37.56
890,byte_stream,22.11
890,gold_trust,35.4
890,solar_grid,30.32
890,agro_futures,24.02
890,metro_rail,22.27
890,quantum_dynamics,37.67
891,byte_stream,22.28
891,gold_trust,35.38
891,solar_grid,29.98
891,agro_futures,23.93
891,metro_rail,22.15
891,,37.92
892,byte_stream,21.04
892,gold_trust,35.77
892,solar_grid,28.15
892,agro_futures,24.18
892,metro_rail,20.85
892,quantum_dynamics,35.93
893,byte_stream,214.0
893,,35.72
893,solar_grid,28.99
893,agro_futures,24.2
893,metro_rail,21.12
893,quantum_dynamics,36.29
894,byte_stream,21.39
894,gold_trust,35.72
894,solar_grid,28.99
894,agro_futures,24.2
894,metro_rail,21.12
894,quantum_dynamics,36.29
895,byte_stream,21.19
895,gold_trust,35.72
895,solar_grid,28.99
895,agro_futures,24.2
895,metro_rail,21.12
895,quantum_dynamics,36.29
896,byte_stream,21.33
896,gold_trust,35.51
896,solar_grid,29.61
896,agro_futures,24.15
896,metro_rail,21.3
896,quantum_dynamics,36.81
897,byte_stream,21.53
897,gold_trust,35.7
897,solar_grid,30.19
897,agro_futures,24.13
897,metro_rail,21.7
897,quantum_dynamics,37.45
898,byte_stream,21.4
898,gold_trust,35.68
898,solar_grid,28.95
898,agro_futures,24.22
898,metro_rail,21.62
898,quantum_dynamics,37.51
899,byte_stream,
899,gold_trust,
899,solar_grid,
899,agro_futures,
899,metro_rail,
899,quantum_dynamics,
900,byte_stream,20.97
900,gold_trust,36.04
900,solar_grid,29.93
900,agro_futures,24.38
900,metro_rail,21.51
900,quantum_dynamics,
901,byte_stream,21.07
901,gold_trust,36.04
901,solar_grid,29.93
901,agro_futures,24.38
901,metro_rail,21.51
901,quantum_dynamics,37.64
902,byte_stream,21.0
902,gold_trust,36.04
902,solar_grid,29.93
902,agro_futures,24.38
902,metro_rail,21.51
902,quantum_dynamics,37.64
903,byte_stream,21.78
903,gold_trust,36.32
903,solar_grid,30.1
903,agro_futures,24.07
903,metro_rail,21.65
903,quantum_dynamics,38.06
904,byte_stream,21.74
904,gold_trust,36.64
904,solar_grid,30.65
904,agro_futures,23.83
904,metro_rail,21.74
904,quantum_dynamics,38.34
905,byte_stream,21.02
905,gold_trust,36.49
905,solar_grid,30.65
905,agro_futures,23.78
905,metro_rail,21.18
905,quantum_dynamics,37.5
906,byte_stream,20.91
906,gold_trust,36.4
906,solar_grid,30.56
906,agro_futures,23.27
906,metro_rail,21.41
906,quantum_dynamics,37.91
907,byte_stream,20.68
907,gold_trust,36.6
907,solar_grid,29.7
907,agro_futures,23.25
907,metro_rail,20.9
907,quantum_dynamics,36.93
908,byte_stream,20.42
908,gold_trust,36.6
908,solar_grid,29.7
908,agro_futures,23.25
908,metro_rail,20.9
908,quantum_dynamics,36.93
909,byte_stream,20.64
909,gold_trust,36.6
909,,29.7
909,agro_futures,23.25
909,metro_rail,20.9
909,quantum_dynamics,
910,byte_stream,
910,gold_trust,36.62
910,solar_grid,30.67
910,agro_futures,23.93
910,metro_rail,21.2
910,quantum_dynamics,37.37
911,byte_stream,20.63
911,gold_trust,37.02
911,solar_grid,30.73
911,agro_futures,24.82
911,metro_rail,21.53
911,quantum_dynamics,38.07
912,byte_stream,20.83
912,gold_trust,36.59
912,solar_grid,31.3
912,agro_futures,25.54
912,metro_rail,21.64
912,quantum_dynamics,38.43
913,byte_stream,20.59
913,gold_trust,36.8
913,solar_grid,31.78
913,,
913,metro_rail,21.74
913,quantum_dynamics,38.63
914,byte_stream,20.51
914,gold_trust,36.8
914,solar_grid,158.9
914,agro_futures,25.12
914,metro_rail,21.74
914,quantum_dynamics,38.63
915,byte_stream,20.62
915,gold_trust,
915,solar_grid,31.78
915,agro_futures,25.12
915,metro_rail,21.74
915,quantum_dynamics,38.63
916,byte_stream,20.48
916,gold_trust,36.8
916,solar_grid,31.78
916,agro_futures,25.12
916,metro_rail,21.74
916,quantum_dynamics,38.63
917,byte_stream,21.16
917,gold_trust,36.87
917,solar_grid,33.4
917,agro_futures,25.41
917,metro_rail,22.08
917,quantum_dynamics,39.49
918,byte_stream,20.89
918,gold_trust,37.21
918,solar_grid,33.79
918,agro_futures,25.3
918,metro_rail,21.84
918,quantum_dynamics,391.5
919,byte_stream,21.28
919,gold_trust,37.43
919,solar_grid,35.39
919,agro_futures,25.54
919,metro_rail,22.01
919,quantum_dynamics,39.71
920,byte_stream,20.94
920,gold_trust,37.08
920,solar_grid,
920,agro_futures,25.76
920,metro_rail,21.89
920,quantum_dynamics,39.92
921,byte_stream,20.95
921,gold_trust,37.05
921,solar_grid,35.21
921,agro_futures,24.97
921,metro_rail,22.12
921,quantum_dynamics,40.18
922,,20.86
922,,37.05
922,solar_grid,35.21
922,agro_futures,24.97
922,metro_rail,22.12
922,quantum_dynamics,8.036
923,byte_stream,20.94
923,gold_trust,37.05
923,solar_grid,35.21
923,agro_futures,24.97
923,metro_rail,22.12
923,quantum_dynamics,40.18
924,byte_stream,
924,gold_trust,37.3
924,solar_grid,34.91
924,agro_futures,24.49
924,metro_rail,21.91
924,quantum_dynamics,39.32
925,byte_stream,20.87
925,gold_trust,37.28
925,solar_grid,36.61
925,agro_futures,24.55
925,metro_rail,22.2
925,quantum_dynamics,39.69
926,byte_stream,20.75
926,gold_trust,37.29
926,solar_grid,37.31
926,agro_futures,23.93
926,metro_rail,22.41
926,quantum_dynamics,39.93
927,byte_stream,20.61
927,gold_trust,37.01
927,solar_grid,36.5
927,agro_futures,24.22
927,metro_rail,22.33
927,quantum_dynamics,39.64
928,byte_stream,20.66
928,gold_trust,37.21
928,solar_grid,37.36
928,agro_futures,24.42
928,metro_rail,22.39
928,quantum_dynamics,39.75
929,byte_stream,20.68
929,gold_trust,37.21
929,solar_grid,37.36
929,agro_futures,24.42
929,metro_rail,22.39
929,quantum_dynamics,39.75
930,byte_stream,20.74
930,gold_trust,37.21
930,solar_grid,37.36
930,agro_futures,24.42
930,metro_rail,22.39
930,quantum_dynamics,39.75
931,byte_stream,20.69
931,gold_trust,37.36
931,solar_grid,38.85
931,agro_futures,24.07
931,metro_rail,22.58
931,quantum_dynamics,40.75
932,byte_stream,21.16
932,gold_trust,37.91
932,solar_grid,38.74
932,agro_futures,23.67
932,metro_rail,22.62
932,quantum_dynamics,40.42
933,byte_stream,21.5
933,gold_trust,38.34
933,solar_grid,38.92
933,agro_futures,24.02
933,metro_rail,22.75
933,quantum_dynamics,40.52
934,byte_stream,21.63
934,gold_trust,
934,solar_grid,39.28
934,agro_futures,24.05
934,metro_rail,22.47
934,quantum_dynamics,39.59
935,byte_stream,21.53
935,gold_trust,39.01
935,solar_grid,38.24
935,agro_futures,23.93
935,metro_rail,22.33
935,quantum_dynamics,39.22
936,byte_stream,21.84
936,gold_trust,39.01
936,solar_grid,38.24
936,agro_futures,23.93
936,metro_rail,22.33
936,quantum_dynamics,39.22
937,byte_stream,22.36
937,gold_trust,39.01
937,solar_grid,38.24
937,agro_futures,23.93
937,metro_rail,22.33
937,quantum_dynamics,39.22
938,byte_stream,24.81
938,gold_trust,39.7
938,solar_grid,39.42
938,agro_futures,23.83
938,metro_rail,22.5
938,,39.87
939,,24.63
939,gold_trust,39.98
939,solar_grid,38.1
939,agro_futures,23.47
939,metro_rail,22.35
939,quantum_dynamics,39.37
940,byte_stream,25.06
940,gold_trust,40.16
940,solar_grid,38.24
940,agro_futures,23.14
940,metro_rail,22.63
940,quantum_dynamics,39.9
941,byte_stream,25.08
941,gold_trust,39.93
941,solar_grid,38.34
941,agro_futures,23.16
941,metro_rail,22.54
941,quantum_dynamics,
942,byte_stream,25.56
942,gold_trust,40.35
942,solar_grid,38.31
942,agro_futures,23.17
942,metro_rail,22.72
942,quantum_dynamics,40.67
943,byte_stream,26.55
943,gold_trust,40.35
943,solar_grid,38.31
943,agro_futures,23.17
943,metro_rail,22.72
943,quantum_dynamics,40.67
944,byte_stream,24.95
944,gold_trust,40.35
944,solar_grid,38.31
944,agro_futures,
944,metro_rail,22.72
944,quantum_dynamics,40.67
945,byte_stream,25.39
945,gold_trust,40.42
945,solar_grid,39.19
945,agro_futures,23.28
945,metro_rail,22.88
945,quantum_dynamics,41.26
946,byte_stream,25.3
946,gold_trust,41.55
946,solar_grid,41.76
946,agro_futures,22.61
946,metro_rail,22.96
946,quantum_dynamics,41.41
947,byte_stream,26.52
947,gold_trust,42.13
947,solar_grid,43.21
947,agro_futures,22.81
947,metro_rail,23.11
947,quantum_dynamics,41.62
948,byte_stream,26.59
948,gold_trust,42.55
948,solar_grid,42.66
948,agro_futures,22.83
948,metro_rail,23.26
948,quantum_dynamics,42.04
949,,26.19
949,gold_trust,41.69
949,solar_grid,43.58
949,agro_futures,22.57
949,metro_rail,23.27
949,quantum_dynamics,41.67
950,byte_stream,26.53
950,gold_trust,41.69
950,solar_grid,43.58
950,agro_futures,22.57
950,metro_rail,23.27
950,quantum_dynamics,41.67
951,,26.36
951,gold_trust,
951,solar_grid,43.58
951,agro_futures,22.57
951,metro_rail,23.27
951,quantum_dynamics,41.67
952,byte_stream,26.81
952,gold_trust,41.93
952,solar_grid,
952,agro_futures,22.77
952,metro_rail,23.34
952,quantum_dynamics,41.51
953,byte_stream,25.76
953,gold_trust,40.01
953,solar_grid,42.28
953,agro_futures,22.84
953,metro_rail,23.15
953,quantum_dynamics,40.81
954,byte_stream,26.15
954,gold_trust,40.07
954,solar_grid,43.5
954,agro_futures,23.06
954,metro_rail,23.47
954,quantum_dynamics,41.68
955,byte_stream,26.6
955,gold_trust,40.51
955,solar_grid,44.61
955,agro_futures,23.85
955,metro_rail,23.43
955,quantum_dynamics,41.79
956,byte_stream,26.57
956,gold_trust,40.09
956,solar_grid,43.88
956,agro_futures,
956,metro_rail,23.42
956,,41.7
957,byte_stream,26.79
957,gold_trust,40.09
957,solar_grid,43.88
957,agro_futures,23.8
957,metro_rail,23.42
957,quantum_dynamics,41.7
958,byte_stream,26.85
958,,40.09
958,solar_grid,43.88
958,agro_futures,23.8
958,metro_rail,23.42
958,quantum_dynamics,41.7
959,byte_stream,27.66
959,gold_trust,41.09
959,solar_grid,44.56
959,agro_futures,24.27
959,metro_rail,
959,quantum_dynamics,42.12
960,byte_stream,27.07
960,gold_trust,
960,solar_grid,44.57
960,agro_futures,23.98
960,metro_rail,23.54
960,quantum_dynamics,42.43
961,byte_stream,26.54
961,gold_trust,40.51
961,solar_grid,44.87
961,agro_futures,23.83
961,metro_rail,23.44
961,quantum_dynamics,42.18
962,byte_stream,26.81
962,gold_trust,40.02
962,solar_grid,44.27
962,agro_futures,23.8
962,metro_rail,23.51
962,quantum_dynamics,42.63
963,byte_stream,26.17
963,gold_trust,40.03
963,solar_grid,44.63
963,agro_futures,23.98
963,metro_rail,23.59
963,quantum_dynamics,42.81
964,byte_stream,26.37
964,gold_trust,40.03
964,solar_grid,44.63
964,agro_futures,23.98
964,metro_rail,23.59
964,quantum_dynamics,42.81
965,byte_stream,26.33
965,gold_trust,40.03
965,solar_grid,8.926
965,agro_futures,23.98
965,metro_rail,23.59
965,quantum_dynamics,42.81
966,byte_stream,26.58
966,gold_trust,39.87
966,solar_grid,45.54
966,,24.33
966,metro_rail,23.83
966,quantum_dynamics,43.07
967,byte_stream,2.5660000000000003
967,gold_trust,39.54
967,solar_grid,46.91
967,agro_futures,24.99
967,metro_rail,23.91
967,quantum_dynamics,43.39
968,byte_stream,25.93
968,gold_trust,40.14
968,solar_grid,46.74
968,agro_futures,24.97
968,metro_rail,24.16
968,quantum_dynamics,44.15
969,byte_stream,
969,gold_trust,39.73
969,solar_grid,46.86
969,agro_futures,25.25
969,metro_rail,24.2
969,quantum_dynamics,44.0
970,byte_stream,26.06
970,gold_trust,40.6
970,solar_grid,48.4
970,agro_futures,25.37
970,,24.36
970,quantum_dynamics,44.26
971,byte_stream,25.98
971,gold_trust,40.6
971,solar_grid,48.4
971,agro_futures,25.37
971,metro_rail,24.36
971,quantum_dynamics,44.26
972,byte_stream,26.44
972,gold_trust,40.6
972,solar_grid,48.4
972,agro_futures,25.37
972,metro_rail,24.36
972,quantum_dynamics,44.26
973,byte_stream,26.37
973,gold_trust,40.68
973,solar_grid,48.34
973,agro_futures,25.56
973,metro_rail,24.31
973,quantum_dynamics,44.56
974,byte_stream,27.02
974,gold_trust,203.4
974,solar_grid,48.95
974,agro_futures,25.63
974,metro_rail,24.49
974,quantum_dynamics,45.19
975,byte_stream,25.77
975,gold_trust,39.98
975,solar_grid,48.5
975,agro_futures,
975,metro_rail,24.87
975,quantum_dynamics,45.63
976,byte_stream,23.13
976,gold_trust,39.84
976,solar_grid,44.76
976,agro_futures,25.26
976,metro_rail,23.99
976,quantum_dynamics,43.36
977,byte_stream,
977,gold_trust,39.77
977,solar_grid,43.83
977,agro_futures,25.47
977,metro_rail,23.8
977,quantum_dynamics,42.81
978,byte_stream,
978,gold_trust,
978,solar_grid,
978,agro_futures,
978,metro_rail,
978,quantum_dynamics,
979,byte_stream,23.21
979,gold_trust,39.77
979,solar_grid,43.83
979,agro_futures,25.47
979,metro_rail,23.8
979,quantum_dynamics,42.81
980,byte_stream,23.41
980,gold_trust,39.77
980,solar_grid,43.83
980,agro_futures,25.47
980,metro_rail,23.8
980,quantum_dynamics,
981,byte_stream,22.87
981,gold_trust,39.95
981,solar_grid,43.68
981,agro_futures,25.74
981,metro_rail,23.14
981,quantum_dynamics,41.05
982,byte_stream,23.12
982,gold_trust,
982,solar_grid,45.29
982,agro_futures,25.67
982,metro_rail,
982,quantum_dynamics,42.17
983,byte_stream,23.39
983,gold_trust,40.38
983,solar_grid,44.2
983,agro_futures,26.2
983,metro_rail,23.19
983,quantum_dynamics,41.33
984,byte_stream,23.48
984,gold_trust,40.05
984,solar_grid,44.87
984,agro_futures,26.77
984,metro_rail,23.2
984,quantum_dynamics,41.08
985,byte_stream,23.57
985,gold_trust,40.05
985,solar_grid,44.87
985,agro_futures,26.77
985,metro_rail,23.2
985,quantum_dynamics,41.08
986,byte_stream,23.3
986,gold_trust,40.05
986,solar_grid,44.87
986,agro_futures,26.77
986,metro_rail,116.0
986,quantum_dynamics,41.08
987,byte_stream,24.11
987,,40.37
987,solar_grid,46.81
987,agro_futures,26.22
987,metro_rail,23.5
987,quantum_dynamics,41.84
988,,24.37
988,gold_trust,40.42
988,solar_grid,48.07
988,agro_futures,26.84
988,metro_rail,
988,quantum_dynamics,42.35
989,byte_stream,24.77
989,gold_trust,40.51
989,solar_grid,48.23
989,agro_futures,27.26
989,metro_rail,23.51
989,quantum_dynamics,41.82
990,byte_stream,24.72
990,gold_trust,40.09
990,solar_grid,46.65
990,agro_futures,27.52
990,metro_rail,23.31
990,quantum_dynamics,
991,byte_stream,24.71
991,gold_trust,40.34
991,solar_grid,47.0
991,agro_futures,27.76
991,metro_rail,23.05
991,quantum_dynamics,40.85
992,byte_stream,25.04
992,gold_trust,40.34
992,solar_grid,47.0
992,agro_futures,27.76
992,metro_rail,23.05
992,quantum_dynamics,40.85
993,byte_stream,24.69
993,gold_trust,40.34
993,solar_grid,47.0
993,agro_futures,27.76
993,metro_rail,23.05
993,quantum_dynamics,40.85
994,byte_stream,23.62
994,gold_trust,39.28
994,solar_grid,46.97
994,agro_futures,27.12
994,metro_rail,22.78
994,quantum_dynamics,40.79
995,byte_stream,23.79
995,gold_trust,39.22
995,solar_grid,
995,agro_futures,27.08
995,metro_rail,23.02
995,,41.49
996,byte_stream,23.13
996,gold_trust,38.41
996,solar_grid,47.91
996,agro_futures,27.02
996,metro_rail,22.48
996,quantum_dynamics,40.24
997,byte_stream,24.29
997,gold_trust,38.59
997,solar_grid,47.47
997,agro_futures,26.66
997,metro_rail,22.55
997,quantum_dynamics,40.39
998,byte_stream,24.14
998,gold_trust,38.37
998,solar_grid,49.06
998,agro_futures,26.79
998,metro_rail,22.91
998,quantum_dynamics,41.3
999,,24.27
999,gold_trust,38.37
999,solar_grid,49.06
999,agro_futures,26.79
999,metro_rail,22.91
999,quantum_dynamics,41.3
1000,byte_stream,24.32
1000,gold_trust,38.37
1000,solar_grid,49.06
1000,agro_futures,26.79
1000,metro_rail,22.91
1000,quantum_dynamics,41.3
1001,byte_stream,24.18
1001,gold_trust,38.7
1001,solar_grid,51.53
1001,agro_futures,26.9
1001,metro_rail,23.27
1001,quantum_dynamics,
1002,byte_stream,24.48
1002,gold_trust,39.13
1002,solar_grid,53.21
1002,agro_futures,26.75
1002,metro_rail,23.16
1002,quantum_dynamics,41.95
1003,byte_stream,24.34
1003,gold_trust,38.97
1003,solar_grid,55.14
1003,agro_futures,27.79
1003,metro_rail,23.35
1003,quantum_dynamics,42.26
1004,byte_stream,23.97
1004,gold_trust,39.4
1004,solar_grid,57.18
1004,agro_futures,28.07
1004,metro_rail,23.48
1004,quantum_dynamics,42.87
1005,byte_stream,23.87
1005,gold_trust,39.22
1005,solar_grid,56.68
1005,agro_futures,27.85
1005,metro_rail,23.25
1005,,41.91
1006,byte_stream,23.81
1006,gold_trust,39.22
1006,solar_grid,56.68
1006,agro_futures,27.85
1006,,23.25
1006,quantum_dynamics,41.91
1007,byte_stream,24.09
1007,gold_trust,39.22
1007,solar_grid,56.68
1007,agro_futures,27.85
1007,metro_rail,23.25
1007,quantum_dynamics,41.91
1008,byte_stream,24.36
1008,gold_trust,39.48
1008,solar_grid,60.05
1008,agro_futures,27.83
1008,metro_rail,23.67
1008,quantum_dynamics,42.89
1009,byte_stream,23.94
1009,gold_trust,39.24
1009,solar_grid,60.7
1009,agro_futures,28.23
1009,metro_rail,23.34
1009,quantum_dynamics,42.21
1010,byte_stream,24.08
1010,gold_trust,38.87
1010,solar_grid,63.99
1010,agro_futures,28.51
1010,metro_rail,23.75
1010,quantum_dynamics,43.01
1011,byte_stream,24.64
1011,gold_trust,38.96
1011,solar_grid,63.84
1011,agro_futures,28.38
1011,metro_rail,23.94
1011,quantum_dynamics,43.22
1012,byte_stream,24.98
1012,gold_trust,39.6
1012,solar_grid,64.4
1012,agro_futures,28.97
1012,metro_rail,24.15
1012,quantum_dynamics,43.82
1013,byte_stream,25.5
1013,gold_trust,39.6
1013,solar_grid,64.4
1013,agro_futures,
1013,metro_rail,24.15
1013,quantum_dynamics,43.82
1014,byte_stream,25.7
1014,gold_trust,39.6
1014,solar_grid,64.4
1014,agro_futures,28.97
1014,metro_rail,24.15
1014,quantum_dynamics,43.82
1015,byte_stream,26.08
1015,gold_trust,39.66
1015,solar_grid,62.23
1015,agro_futures,28.53
1015,metro_rail,24.54
1015,quantum_dynamics,44.95
1016,byte_stream,
1016,gold_trust,38.95
1016,solar_grid,63.02
1016,agro_futures,28.69
1016,metro_rail,24.39
1016,quantum_dynamics,
1017,byte_stream,25.8
1017,gold_trust,39.21
1017,solar_grid,63.95
1017,agro_futures,29.08
1017,metro_rail,24.23
1017,quantum_dynamics,44.54
1018,byte_stream,25.95
1018,gold_trust,39.25
1018,solar_grid,62.61
1018,agro_futures,29.61
1018,,24.19
1018,quantum_dynamics,44.33
1019,byte_stream,25.56
1019,gold_trust,39.19
1019,solar_grid,6.257000000000001
1019,agro_futures,29.48
1019,metro_rail,24.19
1019,quantum_dynamics,44.17
1020,byte_stream,25.64
1020,gold_trust,39.19
1020,solar_grid,62.57
1020,agro_futures,29.48
1020,metro_rail,24.19
1020,quantum_dynamics,44.17
1021,,25.92
1021,gold_trust,39.19
1021,solar_grid,62.57
1021,agro_futures,29.48
1021,metro_rail,24.19
1021,quantum_dynamics,44.17
1022,byte_stream,26.51
1022,,39.3
1022,solar_grid,63.52
1022,agro_futures,29.72
1022,metro_rail,23.8
1022,quantum_dynamics,43.44
1023,byte_stream,26.9
1023,gold_trust,39.38
1023,solar_grid,66.16
1023,agro_futures,29.98
1023,metro_rail,23.91
1023,quantum_dynamics,
1024,byte_stream,28.95
1024,gold_trust,39.67
1024,solar_grid,60.62
1024,agro_futures,30.34
1024,metro_rail,
1024,quantum_dynamics,43.46
1025,byte_stream,29.27
1025,gold_trust,39.16
1025,solar_grid,60.5
1025,agro_futures,30.53
1025,metro_rail,23.98
1025,quantum_dynamics,43.54
1026,byte_stream,29.19
1026,gold_trust,39.17
1026,solar_grid,12.106000000000002
1026,agro_futures,30.75
1026,metro_rail,24.06
1026,quantum_dynamics,43.7
1027,byte_stream,29.59
1027,gold_trust,39.17
1027,solar_grid,60.53
1027,agro_futures,30.75
1027,metro_rail,24.06
1027,quantum_dynamics,43.7
1028,byte_stream,29.42
1028,gold_trust,39.17
1028,solar_grid,60.53
1028,agro_futures,30.75
1028,metro_rail,24.06
1028,quantum_dynamics,43.7
1029,byte_stream,29.52
1029,gold_trust,39.18
1029,solar_grid,59.26
1029,agro_futures,30.64
1029,metro_rail,23.62
1029,quantum_dynamics,42.99
1030,byte_stream,30.82
1030,gold_trust,39.31
1030,solar_grid,58.11
1030,agro_futures,30.51
1030,metro_rail,23.55
1030,quantum_dynamics,43.26
1031,byte_stream,29.96
1031,gold_trust,38.63
1031,,58.78
1031,agro_futures,29.44
1031,metro_rail,22.72
1031,quantum_dynamics,41.65
1032,byte_stream,
1032,gold_trust,38.4
1032,solar_grid,60.24
1032,agro_futures,29.22
1032,metro_rail,22.99
1032,quantum_dynamics,42.33
1033,byte_stream,30.58
1033,gold_trust,38.65
1033,solar_grid,58.53
1033,agro_futures,29.22
1033,metro_rail,22.71
1033,quantum_dynamics,41.29
1034,byte_stream,31.11
1034,gold_trust,38.65
1034,solar_grid,
1034,agro_futures,29.22
1034,metro_rail,22.71
1034,quantum_dynamics,41.29
1035,,31.01
1035,gold_trust,38.65
1035,solar_grid,58.53
1035,agro_futures,29.22
1035,metro_rail,22.71
1035,quantum_dynamics,41.29
1036,byte_stream,30.59
1036,gold_trust,38.91
1036,solar_grid,60.43
1036,agro_futures,29.15
1036,metro_rail,22.99
1036,quantum_dynamics,
1037,byte_stream,31.49
1037,,39.28
1037,solar_grid,58.86
1037,agro_futures,29.41
1037,,23.4
1037,quantum_dynamics,42.24
1038,byte_stream,31.91
1038,gold_trust,38.98
1038,solar_grid,57.66
1038,agro_futures,29.72
1038,metro_rail,23.91
1038,quantum_dynamics,43.87
1039,byte_stream,35.17
1039,gold_trust,40.02
1039,solar_grid,64.23
1039,agro_futures,30.01
1039,metro_rail,24.38
1039,quantum_dynamics,45.0
1040,byte_stream,35.14
1040,gold_trust,40.13
1040,solar_grid,64.3
1040,agro_futures,29.83
1040,metro_rail,24.37
1040,quantum_dynamics,
1041,byte_stream,33.49
1041,gold_trust,40.13
1041,solar_grid,64.3
1041,agro_futures,29.83
1041,metro_rail,24.37
1041,quantum_dynamics,45.02
1042,byte_stream,34.94
1042,gold_trust,40.13
1042,solar_grid,64.3
1042,agro_futures,29.83
1042,metro_rail,24.37
1042,quantum_dynamics,45.02
1043,byte_stream,34.61
1043,gold_trust,38.13
1043,solar_grid,63.12
1043,agro_futures,29.88
1043,metro_rail,24.66
1043,quantum_dynamics,44.33
1044,byte_stream,34.52
1044,gold_trust,38.58
1044,solar_grid,60.86
1044,agro_futures,31.02
1044,metro_rail,24.62
1044,quantum_dynamics,43.73
1045,byte_stream,35.44
1045,gold_trust,38.27
1045,solar_grid,63.69
1045,agro_futures,30.6
1045,metro_rail,24.81
1045,quantum_dynamics,44.61
1046,byte_stream,36.74
1046,gold_trust,38.51
1046,solar_grid,62.71
1046,agro_futures,29.94
1046,metro_rail,24.56
1046,quantum_dynamics,44.31
1047,byte_stream,36.84
1047,gold_trust,38.78
1047,solar_grid,62.68
1047,agro_futures,30.1
1047,metro_rail,
1047,quantum_dynamics,44.77
1048,byte_stream,36.27
1048,gold_trust,38.78
1048,solar_grid,62.68
1048,agro_futures,30.1
1048,metro_rail,24.9
1048,,44.77
1049,byte_stream,36.02
1049,gold_trust,38.78
1049,solar_grid,62.68
1049,agro_futures,30.1
1049,metro_rail,24.9
1049,quantum_dynamics,44.77
1050,byte_stream,37.73
1050,gold_trust,38.81
1050,solar_grid,63.21
1050,agro_futures,30.53
1050,metro_rail,25.19
1050,quantum_dynamics,45.13
1051,byte_stream,39.83
1051,gold_trust,38.76
1051,solar_grid,64.1
1051,agro_futures,30.82
1051,,25.07
1051,quantum_dynamics,45.03
1052,byte_stream,40.19
1052,gold_trust,38.53
1052,solar_grid,63.59
1052,agro_futures,31.22
1052,metro_rail,24.78
1052,quantum_dynamics,44.66
1053,byte_stream,40.22
1053,gold_trust,38.27
1053,solar_grid,64.86
1053,agro_futures,30.98
1053,metro_rail,24.87
1053,quantum_dynamics,45.05
1054,byte_stream,42.04
1054,gold_trust,38.5
1054,solar_grid,66.41
1054,agro_futures,31.04
1054,metro_rail,24.7
1054,quantum_dynamics,44.87
1055,byte_stream,42.08
1055,gold_trust,38.5
1055,solar_grid,66.41
1055,agro_futures,31.04
1055,metro_rail,24.7
1055,quantum_dynamics,44.87
1056,byte_stream,41.47
1056,gold_trust,38.5
1056,solar_grid,66.41
1056,agro_futures,31.04
1056,metro_rail,24.7
1056,quantum_dynamics,44.87
1057,byte_stream,41.45
1057,gold_trust,37.78
1057,solar_grid,68.67
1057,agro_futures,31.28
1057,metro_rail,24.84
1057,quantum_dynamics,
1058,byte_stream,43.13
1058,gold_trust,37.1
1058,solar_grid,70.67
1058,agro_futures,31.22
1058,metro_rail,25.25
1058,quantum_dynamics,45.55
1059,byte_stream,42.29
1059,gold_trust,37.12
1059,solar_grid,71.71
1059,agro_futures,30.8
1059,metro_rail,25.21
1059,quantum_dynamics,45.77
1060,byte_stream,38.72
1060,gold_trust,37.12
1060,solar_grid,71.71
1060,agro_futures,30.8
1060,metro_rail,25.21
1060,quantum_dynamics,45.77
1061,byte_stream,38.62
1061,gold_trust,36.63
1061,solar_grid,72.7
1061,agro_futures,31.2
1061,metro_rail,25.27
1061,quantum_dynamics,46.19
1062,byte_stream,39.99
1062,gold_trust,36.63
1062,solar_grid,72.7
1062,agro_futures,31.2
1062,metro_rail,25.27
1062,quantum_dynamics,
1063,byte_stream,41.03
1063,gold_trust,36.63
1063,solar_grid,72.7
1063,agro_futures,31.2
1063,metro_rail,25.27
1063,quantum_dynamics,46.19
1064,byte_stream,44.3
1064,gold_trust,36.51
1064,solar_grid,71.99
1064,agro_futures,30.78
1064,metro_rail,25.15
1064,quantum_dynamics,46.17
1065,byte_stream,42.45
1065,gold_trust,37.3
1065,solar_grid,70.98
1065,agro_futures,30.42
1065,metro_rail,25.43
1065,quantum_dynamics,46.76
1066,byte_stream,43.34
1066,gold_trust,37.63
1066,solar_grid,69.9
1066,agro_futures,30.73
1066,metro_rail,25.48
1066,quantum_dynamics,46.74
1067,byte_stream,43.9
1067,gold_trust,37.85
1067,solar_grid,68.93
1067,agro_futures,30.98
1067,metro_rail,25.46
1067,quantum_dynamics,46.84
1068,byte_stream,42.21
1068,gold_trust,37.83
1068,solar_grid,69.3
1068,agro_futures,30.58
1068,metro_rail,
1068,quantum_dynamics,47.17
1069,byte_stream,43.24
1069,gold_trust,
1069,solar_grid,69.3
1069,agro_futures,
1069,metro_rail,25.69
1069,quantum_dynamics,47.17
1070,byte_stream,43.67
1070,gold_trust,37.83
1070,solar_grid,
1070,agro_futures,30.58
1070,metro_rail,25.69
1070,quantum_dynamics,47.17
1071,byte_stream,43.32
1071,gold_trust,38.36
1071,solar_grid,70.27
1071,agro_futures,30.76
1071,metro_rail,25.64
1071,quantum_dynamics,47.38
1072,byte_stream,41.36
1072,gold_trust,38.55
1072,solar_grid,71.69
1072,agro_futures,30.58
1072,metro_rail,25.71
1072,quantum_dynamics,47.62
1073,byte_stream,41.88
1073,gold_trust,37.8
1073,solar_grid,68.27
1073,agro_futures,30.95
1073,metro_rail,25.51
1073,quantum_dynamics,46.7
1074,byte_stream,41.23
1074,gold_trust,37.78
1074,solar_grid,69.8
1074,agro_futures,30.82
1074,metro_rail,25.47
1074,quantum_dynamics,46.95
1075,byte_stream,40.77
1075,gold_trust,37.9
1075,solar_grid,71.32
1075,agro_futures,31.11
1075,metro_rail,25.44
1075,quantum_dynamics,46.84
1076,byte_stream,42.45
1076,gold_trust,37.9
1076,solar_grid,71.32
1076,agro_futures,31.11
1076,metro_rail,25.44
1076,quantum_dynamics,46.84
1077,byte_stream,43.21
1077,gold_trust,37.9
1077,solar_grid,71.32
1077,,31.11
1077,metro_rail,
1077,quantum_dynamics,46.84
1078,byte_stream,43.45
1078,gold_trust,37.67
1078,solar_grid,73.23
1078,agro_futures,30.75
1078,metro_rail,25.33
1078,quantum_dynamics,47.08
1079,byte_stream,43.83
1079,gold_trust,38.14
1079,solar_grid,79.14
1079,agro_futures,31.15
1079,metro_rail,
1079,quantum_dynamics,47.67
1080,byte_stream,48.11
1080,gold_trust,38.22
1080,solar_grid,78.41
1080,agro_futures,31.33
1080,metro_rail,25.7
1080,quantum_dynamics,47.9
1081,byte_stream,51.48
1081,gold_trust,38.87
1081,solar_grid,79.16
1081,agro_futures,31.72
1081,metro_rail,25.85
1081,quantum_dynamics,48.31
1082,byte_stream,52.23
1082,gold_trust,38.83
1082,solar_grid,81.71
1082,agro_futures,32.08
1082,metro_rail,25.76
1082,quantum_dynamics,48.27
1083,byte_stream,53.88
1083,gold_trust,38.83
1083,solar_grid,81.71
1083,agro_futures,32.08
1083,metro_rail,25.76
1083,quantum_dynamics,48.27
1084,byte_stream,53.0
1084,gold_trust,
1084,solar_grid,81.71
1084,agro_futures,32.08
1084,metro_rail,25.76
1084,,48.27
1085,byte_stream,51.48
1085,gold_trust,38.71
1085,solar_grid,84.84
1085,agro_futures,32.27
1085,metro_rail,25.66
1085,quantum_dynamics,48.22
1086,byte_stream,53.69
1086,gold_trust,38.45
1086,solar_grid,87.86
1086,agro_futures,32.52
1086,metro_rail,25.61
1086,quantum_dynamics,4.847
1087,byte_stream,52.46
1087,gold_trust,38.61
1087,solar_grid,88.6
1087,agro_futures,32.8
1087,,25.62
1087,quantum_dynamics,48.33
1088,byte_stream,53.58
1088,gold_trust,38.72
1088,solar_grid,87.58
1088,,33.07
1088,metro_rail,25.72
1088,quantum_dynamics,48.46
1089,byte_stream,55.68
1089,gold_trust,38.72
1089,solar_grid,87.58
1089,agro_futures,33.07
1089,metro_rail,25.72
1089,,48.46
1090,byte_stream,
1090,gold_trust,
1090,solar_grid,
1090,agro_futures,
1090,metro_rail,
1090,quantum_dynamics,
1091,byte_stream,59.31
1091,gold_trust,38.72
1091,solar_grid,87.58
1091,agro_futures,33.07
1091,metro_rail,25.72
1091,quantum_dynamics,4.846
1092,byte_stream,61.14
1092,gold_trust,38.66
1092,solar_grid,87.44
1092,agro_futures,33.48
1092,metro_rail,25.94
1092,quantum_dynamics,48.82
1093,byte_stream,61.77
1093,gold_trust,38.71
1093,solar_grid,84.57
1093,agro_futures,34.17
1093,metro_rail,
1093,quantum_dynamics,48.63
1094,byte_stream,65.1
1094,gold_trust,38.93
1094,solar_grid,87.2
1094,agro_futures,34.8
1094,metro_rail,25.92
1094,quantum_dynamics,48.71
1095,byte_stream,65.47
1095,gold_trust,38.96
1095,solar_grid,87.55
1095,agro_futures,35.5
1095,metro_rail,26.08
1095,quantum_dynamics,
1096,byte_stream,66.31
1096,gold_trust,38.96
1096,solar_grid,87.55
1096,agro_futures,35.5
1096,metro_rail,26.08
1096,quantum_dynamics,48.78
1097,byte_stream,72.52
1097,gold_trust,38.96
1097,solar_grid,87.55
1097,agro_futures,35.5
1097,metro_rail,26.08
1097,quantum_dynamics,48.78
1098,byte_stream,74.0
1098,gold_trust,38.96
1098,solar_grid,87.55
1098,agro_futures,35.5
1098,metro_rail,
1098,quantum_dynamics,48.78
1099,byte_stream,72.17
1099,gold_trust,40.02
1099,solar_grid,89.42
1099,agro_futures,35.48
1099,metro_rail,25.7
1099,quantum_dynamics,48.06
1100,byte_stream,76.73
1100,gold_trust,40.18
1100,solar_grid,90.37
1100,agro_futures,36.06
1100,metro_rail,25.88
1100,quantum_dynamics,48.51
1101,byte_stream,83.13
1101,gold_trust,39.24
1101,solar_grid,98.2
1101,agro_futures,36.3
1101,metro_rail,26.03
1101,quantum_dynamics,
1102,byte_stream,88.88
1102,gold_trust,39.34
1102,solar_grid,103.55
1102,agro_futures,36.23
1102,,26.41
1102,quantum_dynamics,49.45
1103,byte_stream,
1103,gold_trust,37.73
1103,solar_grid,101.49
1103,agro_futures,36.39
1103,metro_rail,26.56
1103,quantum_dynamics,49.96
1104,byte_stream,90.87
1104,gold_trust,37.73
1104,solar_grid,101.49
1104,agro_futures,36.39
1104,metro_rail,26.56
1104,quantum_dynamics,49.96
1105,byte_stream,86.58
1105,gold_trust,37.73
1105,solar_grid,101.49
1105,agro_futures,36.39
1105,metro_rail,26.56
1105,quantum_dynamics,49.96
1106,byte_stream,80.29
1106,gold_trust,38.05
1106,solar_grid,98.49
1106,agro_futures,36.1
1106,metro_rail,26.39
1106,quantum_dynamics,49.34
1107,byte_stream,76.58
1107,gold_trust,37.92
1107,solar_grid,98.51
1107,agro_futures,37.93
1107,metro_rail,26.4
1107,quantum_dynamics,
1108,byte_stream,84.24
1108,gold_trust,38.14
1108,solar_grid,97.51
1108,agro_futures,38.47
1108,metro_rail,26.46
1108,quantum_dynamics,49.69
1109,byte_stream,88.46
1109,gold_trust,38.06
1109,solar_grid,98.17
1109,agro_futures,39.18
1109,metro_rail,26.36
1109,quantum_dynamics,49.62
1110,byte_stream,
1110,gold_trust,37.62
1110,solar_grid,91.06
1110,agro_futures,38.98
1110,metro_rail,26.17
1110,quantum_dynamics,49.19
1111,byte_stream,81.67
1111,gold_trust,37.62
1111,solar_grid,91.06
1111,agro_futures,38.98
1111,metro_rail,26.17
1111,quantum_dynamics,49.19
1112,,80.79
1112,gold_trust,37.62
1112,solar_grid,91.06
1112,agro_futures,38.98
1112,metro_rail,26.17
1112,quantum_dynamics,49.19
1113,byte_stream,82.69
1113,gold_trust,37.62
1113,solar_grid,91.06
1113,agro_futures,38.98
1113,metro_rail,26.17
1113,quantum_dynamics,49.19
1114,byte_stream,81.42
1114,gold_trust,37.83
1114,solar_grid,97.12
1114,agro_futures,38.58
1114,metro_rail,26.38
1114,quantum_dynamics,49.94
1115,byte_stream,80.24
1115,,38.37
1115,,97.79
1115,agro_futures,38.28
1115,metro_rail,26.75
1115,quantum_dynamics,50.93
1116,byte_stream,69.59
1116,gold_trust,38.36
1116,solar_grid,103.45
1116,agro_futures,38.45
1116,metro_rail,26.76
1116,quantum_dynamics,51.21
1117,byte_stream,74.51
1117,,38.16
1117,solar_grid,103.18
1117,agro_futures,36.71
1117,metro_rail,26.68
1117,quantum_dynamics,51.25
1118,byte_stream,72.39
1118,gold_trust,38.16
1118,solar_grid,103.18
1118,agro_futures,36.71
1118,metro_rail,26.68
1118,quantum_dynamics,51.25
1119,byte_stream,72.89
1119,gold_trust,38.16
1119,solar_grid,103.18
1119,agro_futures,36.71
1119,metro_rail,26.68
1119,quantum_dynamics,51.25
1120,byte_stream,73.06
1120,gold_trust,38.14
1120,solar_grid,101.38
1120,agro_futures,37.51
1120,metro_rail,26.77
1120,quantum_dynamics,51.61
1121,byte_stream,73.52
1121,gold_trust,38.05
1121,solar_grid,100.19
1121,agro_futures,39.03
1121,metro_rail,26.73
1121,quantum_dynamics,51.57
1122,byte_stream,68.7
1122,gold_trust,37.93
1122,solar_grid,
1122,agro_futures,39.16
1122,metro_rail,26.05
1122,quantum_dynamics,50.22
1123,byte_stream,75.55
1123,gold_trust,37.79
1123,solar_grid,95.57
1123,agro_futures,39.2
1123,metro_rail,26.3
1123,quantum_dynamics,50.47
1124,byte_stream,77.46
1124,gold_trust,37.98
1124,solar_grid,92.6
1124,agro_futures,40.12
1124,metro_rail,2.579
1124,quantum_dynamics,49.47
1125,byte_stream,77.36
1125,gold_trust,37.98
1125,solar_grid,92.6
1125,agro_futures,40.12
1125,metro_rail,25.79
1125,quantum_dynamics,49.47
1126,byte_stream,74.75
1126,gold_trust,37.98
1126,solar_grid,92.6
1126,agro_futures,40.12
1126,,25.79
1126,quantum_dynamics,49.47
1127,byte_stream,75.71
1127,gold_trust,38.32
1127,solar_grid,94.14
1127,agro_futures,40.28
1127,metro_rail,26.21
1127,quantum_dynamics,50.73
1128,byte_stream,80.16
1128,gold_trust,37.69
1128,solar_grid,98.73
1128,agro_futures,39.82
1128,metro_rail,26.57
1128,quantum_dynamics,51.52
1129,byte_stream,84.59
1129,gold_trust,37.73
1129,solar_grid,99.3
1129,agro_futures,40.48
1129,metro_rail,26.6
1129,quantum_dynamics,51.51
1130,byte_stream,83.36
1130,gold_trust,36.83
1130,solar_grid,98.01
1130,agro_futures,40.34
1130,metro_rail,26.89
1130,quantum_dynamics,52.14
1131,byte_stream,86.11
1131,gold_trust,37.27
1131,solar_grid,99.41
1131,agro_futures,40.23
1131,metro_rail,26.99
1131,quantum_dynamics,52.44
1132,byte_stream,88.64
1132,gold_trust,37.27
1132,solar_grid,99.41
1132,agro_futures,40.23
1132,metro_rail,26.99
1132,quantum_dynamics,52.44
1133,byte_stream,87.82
1133,gold_trust,37.27
1133,solar_grid,99.41
1133,agro_futures,40.23
1133,metro_rail,
1133,quantum_dynamics,52.44
1134,byte_stream,104.28
1134,gold_trust,37.71
1134,solar_grid,101.37
1134,agro_futures,41.34
1134,metro_rail,27.19
1134,quantum_dynamics,52.94
1135,byte_stream,104.93
1135,gold_trust,37.78
1135,solar_grid,103.89
1135,agro_futures,40.79
1135,metro_rail,27.16
1135,quantum_dynamics,53.01
1136,byte_stream,101.4
1136,gold_trust,37.88
1136,solar_grid,101.99
1136,agro_futures,39.2
1136,metro_rail,27.15
1136,quantum_dynamics,52.88
1137,byte_stream,108.15
1137,gold_trust,37.56
1137,solar_grid,103.38
1137,agro_futures,39.68
1137,metro_rail,27.2
1137,quantum_dynamics,53.08
1138,byte_stream,107.24
1138,gold_trust,37.48
1138,solar_grid,103.36
1138,agro_futures,39.51
1138,metro_rail,27.32
1138,quantum_dynamics,53.34
1139,byte_stream,106.33
1139,gold_trust,37.48
1139,solar_grid,103.36
1139,agro_futures,39.51
1139,metro_rail,27.32
1139,quantum_dynamics,53.34
1140,byte_stream,109.97
1140,gold_trust,37.48
1140,solar_grid,103.36
1140,agro_futures,
1140,metro_rail,27.32
1140,quantum_dynamics,53.34
1141,byte_stream,541.15
1141,gold_trust,187.39999999999998
1141,solar_grid,103.36
1141,agro_futures,
1141,metro_rail,27.32
1141,quantum_dynamics,53.34
1142,byte_stream,111.06
1142,gold_trust,
1142,solar_grid,100.91
1142,,40.5
1142,metro_rail,27.31
1142,quantum_dynamics,
1143,byte_stream,117.72
1143,gold_trust,36.45
1143,solar_grid,98.57
1143,agro_futures,40.56
1143,metro_rail,27.3
1143,quantum_dynamics,52.85
1144,byte_stream,116.66
1144,gold_trust,36.49
1144,solar_grid,92.26
1144,agro_futures,40.35
1144,metro_rail,27.18
1144,quantum_dynamics,52.47
1145,byte_stream,126.16
1145,gold_trust,36.54
1145,solar_grid,94.26
1145,agro_futures,39.8
1145,metro_rail,27.13
1145,quantum_dynamics,52.51
1146,byte_stream,126.64
1146,,36.54
1146,solar_grid,94.26
1146,agro_futures,39.8
1146,metro_rail,27.13
1146,quantum_dynamics,52.51
1147,byte_stream,129.89
1147,gold_trust,36.54
1147,solar_grid,94.26
1147,agro_futures,39.8
1147,metro_rail,27.13
1147,quantum_dynamics,52.51
1148,byte_stream,122.37
1148,gold_trust,37.18
1148,solar_grid,86.0
1148,agro_futures,40.41
1148,metro_rail,26.92
1148,quantum_dynamics,51.22
1149,byte_stream,110.21
1149,gold_trust,37.13
1149,solar_grid,85.67
1149,agro_futures,40.61
1149,metro_rail,26.95
1149,quantum_dynamics,50.96
1150,byte_stream,112.2
1150,gold_trust,36.96
1150,solar_grid,88.04
1150,agro_futures,
1150,metro_rail,27.26
1150,quantum_dynamics,51.46
1151,byte_stream,106.31
1151,gold_trust,36.5
1151,,
1151,agro_futures,40.68
1151,metro_rail,26.59
1151,quantum_dynamics,49.65
1152,byte_stream,104.61
1152,gold_trust,35.54
1152,solar_grid,86.32
1152,agro_futures,40.74
1152,metro_rail,26.47
1152,quantum_dynamics,49.93
1153,byte_stream,104.26
1153,gold_trust,35.54
1153,solar_grid,86.32
1153,agro_futures,40.74
1153,metro_rail,26.47
1153,quantum_dynamics,49.93
1154,byte_stream,101.89
1154,gold_trust,35.54
1154,solar_grid,86.32
1154,agro_futures,40.74
1154,metro_rail,26.47
1154,quantum_dynamics,49.93
1155,byte_stream,112.04
1155,gold_trust,35.42
1155,solar_grid,91.22
1155,agro_futures,40.15
1155,metro_rail,27.1
1155,quantum_dynamics,51.43
1156,byte_stream,109.21
1156,gold_trust,35.64
1156,solar_grid,86.05
1156,agro_futures,41.12
1156,metro_rail,26.88
1156,,50.56
1157,byte_stream,114.08
1157,gold_trust,35.28
1157,solar_grid,80.51
1157,agro_futures,40.35
1157,metro_rail,26.53
1157,quantum_dynamics,49.19
1158,byte_stream,109.62
1158,gold_trust,34.97
1158,solar_grid,75.94
1158,agro_futures,40.06
1158,metro_rail,26.17
1158,quantum_dynamics,48.15
1159,byte_stream,110.45
1159,gold_trust,34.92
1159,solar_grid,74.53
1159,agro_futures,41.22
1159,metro_rail,26.68
1159,quantum_dynamics,48.9
1160,byte_stream,110.41
1160,gold_trust,34.92
1160,solar_grid,74.53
1160,agro_futures,41.22
1160,metro_rail,26.68
1160,quantum_dynamics,48.9
1161,byte_stream,115.59
1161,gold_trust,34.92
1161,solar_grid,74.53
1161,agro_futures,41.22
1161,metro_rail,26.68
1161,quantum_dynamics,48.9
1162,byte_stream,117.94
1162,gold_trust,34.5
1162,solar_grid,69.14
1162,agro_futures,41.44
1162,metro_rail,26.54
1162,quantum_dynamics,47.72
1163,byte_stream,
1163,gold_trust,35.3
1163,solar_grid,78.0
1163,agro_futures,4.122
1163,metro_rail,26.91
1163,quantum_dynamics,49.48
1164,byte_stream,126.43
1164,gold_trust,35.4
1164,solar_grid,76.97
1164,agro_futures,40.17
1164,,27.07
1164,quantum_dynamics,49.46
1165,byte_stream,130.49
1165,gold_trust,35.42
1165,solar_grid,84.15
1165,agro_futures,40.7
1165,metro_rail,
1165,quantum_dynamics,50.71
1166,byte_stream,129.42
1166,gold_trust,35.36
1166,solar_grid,82.89
1166,agro_futures,40.28
1166,metro_rail,27.38
1166,quantum_dynamics,50.41
1167,byte_stream,138.25
1167,gold_trust,35.36
1167,solar_grid,82.89
1167,agro_futures,40.28
1167,metro_rail,27.38
1167,quantum_dynamics,
1168,byte_stream,133.87
1168,gold_trust,35.36
1168,solar_grid,82.89
1168,agro_futures,40.28
1168,metro_rail,27.38
1168,quantum_dynamics,50.41
1169,byte_stream,126.2
1169,gold_trust,35.55
1169,solar_grid,82.1
1169,agro_futures,40.3
1169,metro_rail,27.56
1169,quantum_dynamics,50.94
1170,byte_stream,
1170,gold_trust,35.59
1170,solar_grid,80.39
1170,agro_futures,40.65
1170,metro_rail,27.52
1170,quantum_dynamics,50.98
1171,byte_stream,132.89
1171,,35.51
1171,solar_grid,79.32
1171,agro_futures,40.92
1171,metro_rail,27.6
1171,quantum_dynamics,51.19
1172,byte_stream,
1172,,
1172,solar_grid,
1172,agro_futures,
1172,metro_rail,
1172,quantum_dynamics,
1173,byte_stream,
1173,gold_trust,
1173,solar_grid,
1173,agro_futures,
1173,metro_rail,
1173,quantum_dynamics,
1174,byte_stream,131.64
1174,gold_trust,35.81
1174,solar_grid,76.32
1174,agro_futures,40.9
1174,metro_rail,27.17
1174,quantum_dynamics,50.01
1175,byte_stream,129.85
1175,gold_trust,35.81
1175,solar_grid,76.32
1175,agro_futures,40.9
1175,metro_rail,27.17
1175,quantum_dynamics,50.01
1176,byte_stream,123.09
1176,gold_trust,35.73
1176,solar_grid,77.93
1176,agro_futures,40.26
1176,metro_rail,27.36
1176,quantum_dynamics,50.63
1177,byte_stream,123.57
1177,gold_trust,35.47
1177,solar_grid,75.47
1177,agro_futures,
1177,metro_rail,27.16
1177,quantum_dynamics,50.06
1178,byte_stream,119.13
1178,gold_trust,35.63
1178,solar_grid,71.99
1178,agro_futures,40.57
1178,metro_rail,27.01
1178,quantum_dynamics,49.05
1179,byte_stream,116.72
1179,gold_trust,35.47
1179,solar_grid,72.58
1179,agro_futures,40.08
1179,metro_rail,27.15
1179,quantum_dynamics,49.11
1180,byte_stream,124.47
1180,gold_trust,35.61
1180,solar_grid,74.99
1180,agro_futures,40.52
1180,metro_rail,27.6
1180,,49.72
1181,byte_stream,126.35
1181,gold_trust,35.61
1181,solar_grid,14.998
1181,agro_futures,40.52
1181,metro_rail,27.6
1181,quantum_dynamics,49.72
1182,byte_stream,126.3
1182,gold_trust,35.61
1182,solar_grid,74.99
1182,agro_futures,405.20000000000005
1182,metro_rail,27.6
1182,quantum_dynamics,49.72
1183,byte_stream,130.36
1183,gold_trust,35.2
1183,solar_grid,71.76
1183,agro_futures,40.1
1183,metro_rail,27.58
1183,quantum_dynamics,49.42
1184,byte_stream,133.0
1184,gold_trust,34.62
1184,solar_grid,76.05
1184,agro_futures,39.55
1184,metro_rail,27.49
1184,quantum_dynamics,49.37
1185,byte_stream,133.0
1185,gold_trust,35.23
1185,solar_grid,78.18
1185,agro_futures,
1185,metro_rail,27.59
1185,quantum_dynamics,50.13
1186,byte_stream,133.4
1186,gold_trust,35.53
1186,solar_grid,77.25
1186,agro_futures,41.05
1186,metro_rail,27.92
1186,quantum_dynamics,51.02
1187,byte_stream,134.05
1187,gold_trust,35.53
1187,solar_grid,77.25
1187,agro_futures,41.05
1187,metro_rail,27.92
1187,quantum_dynamics,51.02
1188,byte_stream,130.03
1188,gold_trust,35.53
1188,solar_grid,77.25
1188,agro_futures,41.05
1188,,27.92
1188,quantum_dynamics,51.02
1189,byte_stream,132.64
1189,gold_trust,35.53
1189,solar_grid,77.25
1189,agro_futures,41.05
1189,metro_rail,27.92
1189,quantum_dynamics,51.02
1190,byte_stream,133.32
1190,gold_trust,35.54
1190,solar_grid,75.11
1190,agro_futures,40.57
1190,metro_rail,28.32
1190,quantum_dynamics,51.87
1191,byte_stream,131.36
1191,gold_trust,35.83
1191,solar_grid,76.05
1191,agro_futures,40.65
1191,metro_rail,28.29
1191,quantum_dynamics,51.84
1192,byte_stream,126.52
1192,gold_trust,35.81
1192,solar_grid,73.68
1192,agro_futures,41.11
1192,metro_rail,28.33
1192,quantum_dynamics,51.81
1193,byte_stream,131.66
1193,gold_trust,36.15
1193,solar_grid,74.03
1193,agro_futures,42.52
1193,metro_rail,28.45
1193,quantum_dynamics,52.34
1194,byte_stream,131.48
1194,gold_trust,35.87
1194,solar_grid,73.66
1194,agro_futures,42.33
1194,metro_rail,28.67
1194,quantum_dynamics,52.61
1195,byte_stream,134.98
1195,gold_trust,35.87
1195,solar_grid,73.66
1195,agro_futures,
1195,metro_rail,28.67
1195,quantum_dynamics,52.61
1196,byte_stream,135.91
1196,gold_trust,35.87
1196,solar_grid,73.66
1196,agro_futures,42.33
1196,metro_rail,28.67
1196,quantum_dynamics,52.61
1197,byte_stream,135.2
1197,gold_trust,35.62
1197,solar_grid,72.17
1197,,41.73
1197,metro_rail,28.67
1197,quantum_dynamics,52.42
1198,byte_stream,143.35
1198,gold_trust,35.93
1198,solar_grid,73.02
1198,agro_futures,42.54
1198,metro_rail,28.76
1198,quantum_dynamics,52.97
1199,byte_stream,142.46
1199,gold_trust,35.7
1199,solar_grid,72.42
1199,agro_futures,43.56
1199,metro_rail,28.64
1199,quantum_dynamics,52.44
1200,byte_stream,
1200,gold_trust,36.32
1200,solar_grid,70.92
1200,agro_futures,43.27
1200,,28.96
1200,quantum_dynamics,53.13
1201,byte_stream,138.99
1201,gold_trust,36.6
1201,solar_grid,72.83
1201,agro_futures,42.94
1201,metro_rail,29.07
1201,quantum_dynamics,53.18
1202,byte_stream,136.99
1202,gold_trust,36.6
1202,solar_grid,72.83
1202,agro_futures,42.94
1202,metro_rail,29.07
1202,quantum_dynamics,53.18
1203,byte_stream,126.9
1203,gold_trust,36.6
1203,solar_grid,72.83
1203,agro_futures,42.94
1203,metro_rail,29.07
1203,quantum_dynamics,53.18
1204,byte_stream,
1204,gold_trust,36.4
1204,solar_grid,70.5
1204,agro_futures,43.42
1204,metro_rail,28.91
1204,quantum_dynamics,52.66
1205,byte_stream,127.48
1205,gold_trust,36.56
1205,solar_grid,70.11
1205,agro_futures,44.48
1205,metro_rail,
1205,quantum_dynamics,52.17
1206,byte_stream,121.69
1206,gold_trust,36.86
1206,solar_grid,72.5
1206,agro_futures,45.87
1206,metro_rail,28.98
1206,quantum_dynamics,10.558
1207,byte_stream,116.85
1207,gold_trust,36.64
1207,solar_grid,75.06
1207,agro_futures,47.71
1207,metro_rail,28.71
1207,quantum_dynamics,52.3
1208,byte_stream,115.34
1208,gold_trust,36.55
1208,solar_grid,77.48
1208,,48.07
1208,metro_rail,29.03
1208,quantum_dynamics,53.05
1209,byte_stream,112.98
1209,gold_trust,36.55
1209,solar_grid,77.48
1209,agro_futures,48.07
1209,metro_rail,29.03
1209,quantum_dynamics,53.05
1210,byte_stream,
1210,gold_trust,
1210,solar_grid,
1210,agro_futures,
1210,metro_rail,
1210,quantum_dynamics,
1211,byte_stream,121.95
1211,gold_trust,
1211,solar_grid,78.28
1211,agro_futures,49.91
1211,metro_rail,29.08
1211,quantum_dynamics,53.51
1212,byte_stream,124.23
1212,gold_trust,36.57
1212,solar_grid,77.38
1212,agro_futures,51.01
1212,metro_rail,29.07
1212,quantum_dynamics,53.32
1213,,123.76
1213,gold_trust,36.47
1213,solar_grid,75.07
1213,agro_futures,50.33
1213,metro_rail,29.05
1213,quantum_dynamics,53.18
1214,byte_stream,
1214,gold_trust,36.35
1214,solar_grid,73.52
1214,agro_futures,51.48
1214,metro_rail,29.25
1214,quantum_dynamics,53.3
1215,byte_stream,130.36
1215,gold_trust,36.34
1215,solar_grid,70.84
1215,agro_futures,54.27
1215,metro_rail,29.04
1215,quantum_dynamics,52.84
1216,byte_stream,130.54
1216,gold_trust,36.34
1216,solar_grid,70.84
1216,agro_futures,54.27
1216,metro_rail,29.04
1216,quantum_dynamics,52.84
1217,,127.84
1217,gold_trust,36.34
1217,solar_grid,70.84
1217,agro_futures,54.27
1217,metro_rail,29.04
1217,quantum_dynamics,52.84
1218,byte_stream,
1218,gold_trust,
1218,solar_grid,
1218,agro_futures,
1218,metro_rail,
1218,quantum_dynamics,
1219,byte_stream,120.39
1219,gold_trust,36.51
1219,solar_grid,65.77
1219,agro_futures,54.62
1219,metro_rail,28.92
1219,quantum_dynamics,51.6
1220,byte_stream,129.63
1220,gold_trust,36.68
1220,solar_grid,64.94
1220,agro_futures,55.24
1220,metro_rail,28.94
1220,quantum_dynamics,51.4
1221,byte_stream,127.31
1221,gold_trust,37.33
1221,solar_grid,63.43
1221,agro_futures,55.7
1221,metro_rail,29.18
1221,quantum_dynamics,51.59
1222,byte_stream,129.47
1222,gold_trust,37.65
1222,solar_grid,64.02
1222,agro_futures,56.67
1222,metro_rail,29.39
1222,quantum_dynamics,52.05
1223,byte_stream,132.74
1223,gold_trust,37.65
1223,solar_grid,64.02
1223,agro_futures,
1223,metro_rail,29.39
1223,quantum_dynamics,52.05
1224,byte_stream,131.45
1224,gold_trust,37.65
1224,solar_grid,64.02
1224,agro_futures,56.67
1224,metro_rail,29.39
1224,quantum_dynamics,52.05
1225,byte_stream,126.1
1225,gold_trust,37.78
1225,solar_grid,61.43
1225,agro_futures,54.86
1225,metro_rail,29.09
1225,quantum_dynamics,50.72
1226,,128.0
1226,gold_trust,37.75
1226,solar_grid,62.18
1226,agro_futures,55.7
1226,metro_rail,28.83
1226,quantum_dynamics,50.67
1227,byte_stream,110.95
1227,gold_trust,37.48
1227,solar_grid,58.9
1227,agro_futures,55.55
1227,metro_rail,28.22
1227,quantum_dynamics,49.32
1228,byte_stream,112.23
1228,gold_trust,37.5
1228,solar_grid,58.87
1228,agro_futures,52.73
1228,metro_rail,28.56
1228,quantum_dynamics,49.67
1229,byte_stream,112.6
1229,gold_trust,37.79
1229,solar_grid,61.8
1229,agro_futures,50.24
1229,,289.8
1229,quantum_dynamics,50.83
1230,byte_stream,21.112000000000002
1230,gold_trust,37.79
1230,solar_grid,61.8
1230,agro_futures,50.24
1230,metro_rail,28.98
1230,quantum_dynamics,50.83
1231,byte_stream,104.87
1231,gold_trust,
1231,solar_grid,61.8
1231,agro_futures,50.24
1231,metro_rail,28.98
1231,quantum_dynamics,50.83
1232,byte_stream,98.28
1232,gold_trust,38.4
1232,solar_grid,60.76
1232,,47.85
1232,,28.91
1232,quantum_dynamics,50.63
1233,byte_stream,96.86
1233,gold_trust,38.4
1233,solar_grid,61.65
1233,agro_futures,48.27
1233,metro_rail,28.67
1233,quantum_dynamics,50.35
1234,byte_stream,83.53
1234,gold_trust,38.68
1234,solar_grid,63.95
1234,agro_futures,48.27
1234,metro_rail,28.58
1234,quantum_dynamics,50.33
1235,byte_stream,92.06
1235,gold_trust,38.69
1235,solar_grid,
1235,agro_futures,48.73
1235,metro_rail,28.88
1235,quantum_dynamics,51.23
1236,byte_stream,84.21
1236,gold_trust,
1236,solar_grid,66.89
1236,agro_futures,48.37
1236,metro_rail,28.86
1236,quantum_dynamics,50.98
1237,byte_stream,84.73
1237,gold_trust,38.58
1237,solar_grid,66.89
1237,agro_futures,48.37
1237,metro_rail,28.86
1237,quantum_dynamics,50.98
1238,byte_stream,78.49
1238,gold_trust,38.58
1238,solar_grid,66.89
1238,agro_futures,48.37
1238,metro_rail,28.86
1238,quantum_dynamics,50.98
1239,byte_stream,87.37
1239,gold_trust,38.74
1239,solar_grid,
1239,agro_futures,48.2
1239,,29.15
1239,quantum_dynamics,
1240,byte_stream,86.69
1240,gold_trust,39.02
1240,solar_grid,65.98
1240,agro_futures,45.49
1240,metro_rail,29.08
1240,quantum_dynamics,51.69
1241,byte_stream,88.7
1241,gold_trust,39.09
1241,solar_grid,67.57
1241,agro_futures,45.8
1241,metro_rail,29.14
1241,quantum_dynamics,51.99
1242,byte_stream,86.77
1242,gold_trust,38.97
1242,solar_grid,67.58
1242,agro_futures,48.73
1242,metro_rail,29.17
1242,quantum_dynamics,51.98
1243,byte_stream,80.58
1243,gold_trust,39.11
1243,solar_grid,67.4
1243,agro_futures,48.16
1243,metro_rail,29.19
1243,quantum_dynamics,52.03
1244,byte_stream,78.14
1244,gold_trust,39.11
1244,solar_grid,67.4
1244,agro_futures,48.16
1244,metro_rail,29.19
1244,quantum_dynamics,52.03
1245,byte_stream,
1245,gold_trust,
1245,solar_grid,
1245,agro_futures,
1245,metro_rail,
1245,quantum_dynamics,
1246,byte_stream,84.27
1246,gold_trust,39.11
1246,solar_grid,67.4
1246,agro_futures,48.16
1246,metro_rail,29.19
1246,quantum_dynamics,52.03
1247,byte_stream,82.81
1247,gold_trust,39.17
1247,solar_grid,67.11
1247,agro_futures,50.51
1247,,29.18
1247,quantum_dynamics,
1248,byte_stream,84.82
1248,gold_trust,39.27
1248,solar_grid,66.17
1248,agro_futures,49.5
1248,metro_rail,29.22
1248,quantum_dynamics,52.06
1249,byte_stream,88.51
1249,gold_trust,38.51
1249,solar_grid,64.37
1249,agro_futures,48.55
1249,metro_rail,29.12
1249,quantum_dynamics,51.52
1250,byte_stream,83.28
1250,gold_trust,38.9
1250,solar_grid,65.46
1250,agro_futures,50.07
1250,metro_rail,5.8740000000000006
1250,quantum_dynamics,52.28
1251,byte_stream,80.25
1251,gold_trust,38.9
1251,solar_grid,65.46
1251,agro_futures,50.07
1251,metro_rail,29.37
1251,quantum_dynamics,52.28
1252,byte_stream,80.95
1252,gold_trust,38.9
1252,solar_grid,65.46
1252,agro_futures,50.07
1252,metro_rail,29.37
1252,quantum_dynamics,52.28
1253,byte_stream,75.76
1253,gold_trust,39.04
1253,solar_grid,65.23
1253,agro_futures,49.81
1253,metro_rail,29.35
1253,quantum_dynamics,52.54
1254,byte_stream,75.56
1254,,38.95
1254,solar_grid,65.57
1254,agro_futures,49.87
1254,metro_rail,29.36
1254,quantum_dynamics,52.7
1255,byte_stream,
1255,gold_trust,38.97
1255,solar_grid,65.27
1255,agro_futures,50.66
1255,metro_rail,29.3
1255,quantum_dynamics,52.65
1256,byte_stream,82.85
1256,gold_trust,38.99
1256,solar_grid,67.07
1256,agro_futures,51.26
1256,metro_rail,29.44
1256,quantum_dynamics,53.06
1257,byte_stream,84.28
1257,gold_trust,38.64
1257,solar_grid,68.0
1257,agro_futures,50.2
1257,metro_rail,29.5
1257,quantum_dynamics,53.25
1258,byte_stream,80.26
1258,gold_trust,38.64
1258,solar_grid,68.0
1258,agro_futures,50.2
1258,metro_rail,29.5
1258,quantum_dynamics,53.25
1259,byte_stream,88.26
1259,gold_trust,38.64
1259,solar_grid,68.0
1259,agro_futures,50.2
1259,metro_rail,29.5
1259,quantum_dynamics,53.25
1260,byte_stream,90.79
1260,gold_trust,38.36
1260,solar_grid,68.82
1260,agro_futures,48.35
1260,metro_rail,29.55
1260,quantum_dynamics,53.64
1261,byte_stream,91.21
1261,gold_trust,38.17
1261,,67.11
1261,agro_futures,48.95
1261,metro_rail,29.49
1261,,
1262,byte_stream,86.56
1262,gold_trust,38.27
1262,solar_grid,68.12
1262,agro_futures,49.36
1262,metro_rail,29.33
1262,quantum_dynamics,53.13
1263,byte_stream,85.9
1263,gold_trust,36.49
1263,solar_grid,70.8
1263,agro_futures,
1263,metro_rail,29.32
1263,quantum_dynamics,53.59
1264,byte_stream,80.79
1264,gold_trust,36.37
1264,solar_grid,70.26
1264,agro_futures,48.05
1264,metro_rail,28.93
1264,quantum_dynamics,53.1
1265,byte_stream,80.4
1265,gold_trust,36.37
1265,solar_grid,70.26
1265,agro_futures,48.05
1265,metro_rail,28.93
1265,quantum_dynamics,53.1
1266,byte_stream,80.58
1266,gold_trust,36.37
1266,solar_grid,70.26
1266,agro_futures,48.05
1266,metro_rail,28.93
1266,quantum_dynamics,53.1
1267,byte_stream,71.51
1267,gold_trust,36.66
1267,solar_grid,69.86
1267,agro_futures,48.35
1267,metro_rail,29.34
1267,quantum_dynamics,535.2
1268,byte_stream,73.38
1268,gold_trust,36.54
1268,,70.22
1268,agro_futures,48.38
1268,metro_rail,29.49
1268,quantum_dynamics,53.94
1269,byte_stream,76.13
1269,,36.67
1269,solar_grid,71.66
1269,agro_futures,48.71
1269,metro_rail,29.46
1269,quantum_dynamics,54.01
1270,byte_stream,78.25
1270,gold_trust,36.53
1270,,72.36
1270,agro_futures,47.91
1270,,29.63
1270,quantum_dynamics,54.38
1271,byte_stream,71.42
1271,gold_trust,36.55
1271,solar_grid,72.9
1271,agro_futures,46.68
1271,metro_rail,29.73
1271,quantum_dynamics,54.35
1272,byte_stream,72.66
1272,gold_trust,36.55
1272,solar_grid,72.9
1272,agro_futures,46.68
1272,metro_rail,29.73
1272,quantum_dynamics,54.35
1273,byte_stream,78.22
1273,gold_trust,36.55
1273,solar_grid,72.9
1273,agro_futures,46.68
1273,metro_rail,29.73
1273,quantum_dynamics,54.35
1274,byte_stream,77.73
1274,gold_trust,36.61
1274,solar_grid,77.48
1274,agro_futures,49.54
1274,metro_rail,29.8
1274,quantum_dynamics,54.88
1275,byte_stream,80.97
1275,gold_trust,36.26
1275,solar_grid,78.19
1275,agro_futures,50.93
1275,,29.8
1275,quantum_dynamics,
1276,byte_stream,
1276,gold_trust,
1276,solar_grid,
1276,,
1276,metro_rail,
1276,,
1277,byte_stream,75.78
1277,gold_trust,36.53
1277,solar_grid,
1277,agro_futures,52.78
1277,metro_rail,30.0
1277,quantum_dynamics,54.96
1278,byte_stream,76.52
1278,gold_trust,36.66
1278,solar_grid,75.12
1278,agro_futures,51.13
1278,metro_rail,30.22
1278,quantum_dynamics,55.4
1279,byte_stream,78.26
1279,gold_trust,36.66
1279,solar_grid,75.12
1279,agro_futures,51.13
1279,metro_rail,30.22
1279,quantum_dynamics,55.4
1280,byte_stream,
1280,gold_trust,36.66
1280,solar_grid,
1280,agro_futures,51.13
1280,metro_rail,30.22
1280,,55.4
1281,byte_stream,76.18
1281,gold_trust,36.66
1281,solar_grid,75.12
1281,agro_futures,51.13
1281,metro_rail,30.22
1281,quantum_dynamics,55.4
1282,byte_stream,77.28
1282,gold_trust,36.89
1282,solar_grid,75.99
1282,agro_futures,48.11
1282,metro_rail,30.16
1282,quantum_dynamics,55.49
1283,byte_stream,76.42
1283,gold_trust,370.5
1283,solar_grid,75.98
1283,agro_futures,47.85
1283,metro_rail,30.26
1283,quantum_dynamics,55.5
1284,byte_stream,74.22
1284,gold_trust,37.01
1284,solar_grid,74.1
1284,agro_futures,
1284,metro_rail,30.01
1284,quantum_dynamics,55.1
1285,byte_stream,76.29
1285,gold_trust,37.22
1285,,75.15
1285,agro_futures,46.18
1285,metro_rail,30.34
1285,quantum_dynamics,55.64
1286,byte_stream,75.67
1286,gold_trust,37.22
1286,solar_grid,75.15
1286,agro_futures,46.18
1286,metro_rail,30.34
1286,quantum_dynamics,55.64
1287,byte_stream,
1287,gold_trust,
1287,solar_grid,
1287,agro_futures,
1287,metro_rail,
1287,quantum_dynamics,
1288,byte_stream,74.85
1288,gold_trust,37.13
1288,solar_grid,76.4
1288,agro_futures,49.08
1288,metro_rail,30.45
1288,quantum_dynamics,55.76
1289,byte_stream,73.82
1289,gold_trust,37.21
1289,solar_grid,75.44
1289,agro_futures,49.65
1289,metro_rail,
1289,quantum_dynamics,55.55
1290,byte_stream,74.09
1290,gold_trust,37.52
1290,solar_grid,71.44
1290,agro_futures,50.09
1290,metro_rail,30.38
1290,quantum_dynamics,55.42
1291,byte_stream,71.74
1291,gold_trust,37.6
1291,solar_grid,70.06
1291,agro_futures,41.38
1291,metro_rail,30.28
1291,quantum_dynamics,55.04
1292,byte_stream,
1292,gold_trust,37.31
1292,solar_grid,68.69
1292,agro_futures,40.78
1292,metro_rail,30.05
1292,quantum_dynamics,54.6
1293,byte_stream,71.18
1293,gold_trust,37.31
1293,solar_grid,68.69
1293,agro_futures,40.78
1293,metro_rail,30.05
1293,quantum_dynamics,54.6
1294,byte_stream,
1294,gold_trust,37.31
1294,solar_grid,68.69
1294,agro_futures,40.78
1294,,30.05
1294,quantum_dynamics,54.6
1295,byte_stream,69.57
1295,gold_trust,
1295,solar_grid,69.09
1295,agro_futures,40.78
1295,metro_rail,
1295,quantum_dynamics,54.02
1296,byte_stream,67.29
1296,gold_trust,37.24
1296,solar_grid,70.65
1296,agro_futures,41.93
1296,metro_rail,30.02
1296,quantum_dynamics,54.87
1297,byte_stream,72.49
1297,gold_trust,37.08
1297,solar_grid,73.62
1297,agro_futures,41.93
1297,metro_rail,30.27
1297,quantum_dynamics,55.37
1298,byte_stream,72.94
1298,gold_trust,37.12
1298,solar_grid,72.95
1298,agro_futures,41.4
1298,metro_rail,30.33
1298,quantum_dynamics,55.57
1299,byte_stream,75.81
1299,gold_trust,37.04
1299,solar_grid,71.1
1299,agro_futures,40.13
1299,metro_rail,30.64
1299,quantum_dynamics,56.15
1300,byte_stream,
1300,,37.04
1300,solar_grid,71.1
1300,agro_futures,40.13
1300,metro_rail,30.64
1300,quantum_dynamics,56.15
1301,byte_stream,79.8
1301,gold_trust,37.04
1301,solar_grid,71.1
1301,agro_futures,
1301,metro_rail,30.64
1301,quantum_dynamics,56.15
1302,byte_stream,84.28
1302,gold_trust,36.99
1302,solar_grid,70.09
1302,agro_futures,40.32
1302,metro_rail,30.71
1302,quantum_dynamics,56.16
1303,byte_stream,88.96
1303,gold_trust,37.0
1303,solar_grid,68.6
1303,agro_futures,40.24
1303,metro_rail,30.57
1303,quantum_dynamics,55.48
1304,byte_stream,90.29
1304,gold_trust,37.0
1304,solar_grid,71.45
1304,agro_futures,40.28
1304,metro_rail,30.56
1304,quantum_dynamics,55.87
1305,byte_stream,90.31
1305,gold_trust,
1305,solar_grid,71.83
1305,agro_futures,40.92
1305,metro_rail,30.69
1305,quantum_dynamics,55.93
1306,byte_stream,95.34
1306,gold_trust,37.27
1306,solar_grid,72.99
1306,agro_futures,40.12
1306,metro_rail,30.52
1306,quantum_dynamics,55.53
1307,byte_stream,93.97
1307,gold_trust,37.27
1307,solar_grid,72.99
1307,agro_futures,40.12
1307,metro_rail,30.52
1307,quantum_dynamics,55.53
1308,byte_stream,90.24
1308,gold_trust,37.27
1308,solar_grid,72.99
1308,agro_futures,40.12
1308,metro_rail,
1308,quantum_dynamics,55.53
1309,byte_stream,88.49
1309,gold_trust,37.46
1309,solar_grid,72.8
1309,agro_futures,40.98
1309,metro_rail,30.47
1309,quantum_dynamics,55.56
1310,byte_stream,86.13
1310,gold_trust,37.3
1310,solar_grid,75.4
1310,agro_futures,40.37
1310,,30.72
1310,quantum_dynamics,55.86
1311,byte_stream,89.72
1311,gold_trust,37.3
1311,solar_grid,75.31
1311,agro_futures,40.02
1311,,30.57
1311,,55.94
1312,byte_stream,
1312,gold_trust,37.19
1312,solar_grid,74.15
1312,agro_futures,40.76
1312,metro_rail,30.76
1312,quantum_dynamics,56.37
1313,byte_stream,96.65
1313,gold_trust,36.25
1313,solar_grid,73.47
1313,agro_futures,40.7
1313,metro_rail,30.81
1313,quantum_dynamics,56.15
1314,byte_stream,100.58
1314,gold_trust,36.25
1314,solar_grid,73.47
1314,agro_futures,40.7
1314,metro_rail,30.81
1314,quantum_dynamics,56.15
1315,byte_stream,98.87
1315,gold_trust,36.25
1315,solar_grid,73.47
1315,agro_futures,40.7
1315,metro_rail,30.81
1315,quantum_dynamics,56.15
1316,byte_stream,104.66
1316,gold_trust,35.5
1316,solar_grid,75.05
1316,agro_futures,40.35
1316,metro_rail,30.78
1316,quantum_dynamics,56.24
1317,byte_stream,102.9
1317,gold_trust,35.6
1317,solar_grid,74.6
1317,agro_futures,40.28
1317,metro_rail,30.81
1317,quantum_dynamics,
1318,byte_stream,102.92
1318,gold_trust,36.05
1318,solar_grid,73.16
1318,agro_futures,40.79
1318,metro_rail,30.85
1318,quantum_dynamics,55.88
1319,byte_stream,
1319,gold_trust,36.02
1319,,72.9
1319,agro_futures,41.58
1319,metro_rail,30.98
1319,quantum_dynamics,56.07
1320,byte_stream,107.89
1320,gold_trust,36.56
1320,solar_grid,70.56
1320,,41.67
1320,metro_rail,31.03
1320,quantum_dynamics,56.1
1321,byte_stream,106.32
1321,gold_trust,36.56
1321,solar_grid,70.56
1321,agro_futures,41.67
1321,metro_rail,31.03
1321,quantum_dynamics,56.1
1322,byte_stream,106.2
1322,gold_trust,36.56
1322,solar_grid,70.56
1322,agro_futures,41.67
1322,metro_rail,31.03
1322,quantum_dynamics,56.1
1323,byte_stream,103.85
1323,gold_trust,36.8
1323,solar_grid,68.65
1323,agro_futures,41.42
1323,metro_rail,31.11
1323,quantum_dynamics,55.99
1324,byte_stream,100.89
1324,gold_trust,36.76
1324,solar_grid,66.87
1324,agro_futures,
1324,metro_rail,30.89
1324,quantum_dynamics,
1325,byte_stream,101.13
1325,gold_trust,36.69
1325,solar_grid,67.45
1325,agro_futures,41.2
1325,metro_rail,30.56
1325,quantum_dynamics,54.97
1326,byte_stream,105.46
1326,gold_trust,36.66
1326,solar_grid,66.46
1326,agro_futures,40.34
1326,metro_rail,30.6
1326,quantum_dynamics,55.03
1327,byte_stream,111.38
1327,gold_trust,36.68
1327,solar_grid,67.86
1327,agro_futures,39.51
1327,metro_rail,30.84
1327,quantum_dynamics,55.69
1328,byte_stream,110.4
1328,gold_trust,
1328,solar_grid,67.86
1328,agro_futures,39.51
1328,metro_rail,30.84
1328,quantum_dynamics,55.69
1329,byte_stream,1113.4
1329,gold_trust,36.68
1329,solar_grid,67.86
1329,agro_futures,39.51
1329,metro_rail,30.84
1329,quantum_dynamics,55.69
1330,byte_stream,111.84
1330,gold_trust,37.14
1330,solar_grid,69.93
1330,agro_futures,39.46
1330,metro_rail,31.11
1330,quantum_dynamics,56.55
1331,byte_stream,107.69
1331,gold_trust,37.18
1331,solar_grid,
1331,agro_futures,39.93
1331,metro_rail,31.15
1331,quantum_dynamics,56.84
1332,byte_stream,110.52
1332,gold_trust,36.82
1332,solar_grid,71.1
1332,agro_futures,40.43
1332,metro_rail,31.22
1332,quantum_dynamics,56.93
1333,byte_stream,105.97
1333,gold_trust,36.91
1333,solar_grid,70.71
1333,agro_futures,40.54
1333,metro_rail,31.04
1333,quantum_dynamics,56.56
1334,byte_stream,110.74
1334,gold_trust,37.41
1334,solar_grid,71.66
1334,agro_futures,40.92
1334,metro_rail,31.31
1334,quantum_dynamics,57.26
1335,byte_stream,110.39
1335,gold_trust,37.41
1335,solar_grid,71.66
1335,agro_futures,40.92
1335,metro_rail,31.31
1335,quantum_dynamics,57.26
1336,byte_stream,110.23
1336,gold_trust,37.41
1336,solar_grid,71.66
1336,agro_futures,40.92
1336,metro_rail,31.31
1336,quantum_dynamics,
1337,byte_stream,106.22
1337,gold_trust,37.26
1337,solar_grid,73.36
1337,agro_futures,39.62
1337,metro_rail,31.45
1337,quantum_dynamics,57.77
1338,byte_stream,106.47
1338,gold_trust,37.38
1338,solar_grid,72.95
1338,agro_futures,39.16
1338,metro_rail,31.41
1338,quantum_dynamics,57.75
1339,byte_stream,
1339,gold_trust,37.34
1339,solar_grid,73.29
1339,agro_futures,37.81
1339,metro_rail,31.42
1339,quantum_dynamics,57.94
1340,byte_stream,111.35
1340,gold_trust,37.24
1340,solar_grid,74.13
1340,agro_futures,37.86
1340,,31.51
1340,quantum_dynamics,58.02
1341,byte_stream,112.93
1341,gold_trust,37.7
1341,solar_grid,73.3
1341,agro_futures,37.26
1341,metro_rail,31.5
1341,quantum_dynamics,58.14
1342,byte_stream,112.74
1342,gold_trust,37.7
1342,solar_grid,73.3
1342,agro_futures,37.26
1342,metro_rail,31.5
1342,quantum_dynamics,58.14
1343,byte_stream,116.83
1343,gold_trust,37.7
1343,solar_grid,7.33
1343,agro_futures,37.26
1343,metro_rail,31.5
1343,quantum_dynamics,58.14
1344,byte_stream,118.81
1344,gold_trust,37.7
1344,,73.3
1344,agro_futures,37.26
1344,metro_rail,31.5
1344,quantum_dynamics,58.14
1345,byte_stream,105.67
1345,gold_trust,36.98
1345,solar_grid,72.6
1345,agro_futures,36.36
1345,metro_rail,31.39
1345,quantum_dynamics,58.18
1346,byte_stream,104.05
1346,gold_trust,
1346,solar_grid,71.34
1346,agro_futures,36.54
1346,metro_rail,31.35
1346,quantum_dynamics,
1347,byte_stream,104.72
1347,gold_trust,37.01
1347,solar_grid,71.89
1347,,36.38
1347,metro_rail,31.2
1347,quantum_dynamics,57.71
1348,byte_stream,101.32
1348,gold_trust,36.84
1348,solar_grid,70.99
1348,,36.87
1348,metro_rail,30.96
1348,quantum_dynamics,57.2
1349,byte_stream,102.04
1349,gold_trust,36.84
1349,solar_grid,70.99
1349,agro_futures,36.87
1349,metro_rail,30.96
1349,quantum_dynamics,57.2
1350,byte_stream,103.98
1350,gold_trust,36.84
1350,solar_grid,70.99
1350,agro_futures,36.87
1350,metro_rail,30.96
1350,quantum_dynamics,57.2
1351,byte_stream,101.5
1351,gold_trust,36.89
1351,solar_grid,72.42
1351,agro_futures,
1351,metro_rail,31.03
1351,quantum_dynamics,57.17
1352,byte_stream,106.31
1352,gold_trust,37.15
1352,solar_grid,71.82
1352,agro_futures,36.89
1352,metro_rail,30.85
1352,quantum_dynamics,56.91
1353,byte_stream,108.75
1353,gold_trust,36.9
1353,solar_grid,71.69
1353,agro_futures,39.13
1353,metro_rail,31.12
1353,quantum_dynamics,57.38
1354,byte_stream,
1354,gold_trust,36.12
1354,solar_grid,70.87
1354,agro_futures,38.83
1354,metro_rail,31.07
1354,quantum_dynamics,57.46
1355,byte_stream,106.7
1355,gold_trust,
1355,solar_grid,72.6
1355,agro_futures,38.67
1355,metro_rail,30.78
1355,quantum_dynamics,56.93
1356,,108.98
1356,,36.01
1356,solar_grid,72.6
1356,agro_futures,38.67
1356,metro_rail,30.78
1356,quantum_dynamics,56.93
1357,byte_stream,106.68
1357,gold_trust,36.01
1357,solar_grid,72.6
1357,agro_futures,38.67
1357,metro_rail,30.78
1357,quantum_dynamics,56.93
1358,byte_stream,96.71
1358,gold_trust,36.26
1358,solar_grid,68.9
1358,agro_futures,38.26
1358,metro_rail,30.26
1358,quantum_dynamics,278.4
1359,byte_stream,91.86
1359,gold_trust,36.56
1359,solar_grid,69.67
1359,agro_futures,37.92
1359,metro_rail,30.24
1359,quantum_dynamics,55.81
1360,byte_stream,98.36
1360,gold_trust,36.57
1360,solar_grid,70.92
1360,agro_futures,38.54
1360,metro_rail,30.52
1360,quantum_dynamics,56.38
1361,byte_stream,101.34
1361,gold_trust,35.97
1361,solar_grid,70.77
1361,agro_futures,
1361,metro_rail,30.9
1361,quantum_dynamics,56.97
1362,byte_stream,96.71
1362,gold_trust,36.01
1362,solar_grid,68.62
1362,agro_futures,38.63
1362,metro_rail,30.94
1362,quantum_dynamics,56.95
1363,byte_stream,96.43
1363,gold_trust,36.01
1363,solar_grid,68.62
1363,agro_futures,38.63
1363,metro_rail,30.94
1363,quantum_dynamics,56.95
1364,byte_stream,97.54
1364,gold_trust,36.01
1364,solar_grid,68.62
1364,agro_futures,38.63
1364,metro_rail,30.94
1364,quantum_dynamics,56.95
1365,byte_stream,95.34
1365,gold_trust,36.02
1365,solar_grid,69.91
1365,agro_futures,39.57
1365,metro_rail,30.85
1365,quantum_dynamics,56.65
1366,byte_stream,92.63
1366,gold_trust,35.72
1366,solar_grid,67.9
1366,agro_futures,39.05
1366,metro_rail,30.23
1366,quantum_dynamics,55.05
1367,byte_stream,93.83
1367,gold_trust,35.42
1367,solar_grid,66.76
1367,agro_futures,39.53
1367,metro_rail,30.27
1367,quantum_dynamics,54.92
1368,,98.85
1368,gold_trust,36.12
1368,solar_grid,68.11
1368,agro_futures,39.36
1368,metro_rail,29.91
1368,quantum_dynamics,54.68
1369,byte_stream,108.62
1369,gold_trust,36.15
1369,solar_grid,69.06
1369,agro_futures,39.71
1369,metro_rail,30.26
1369,quantum_dynamics,55.13
1370,byte_stream,107.7
1370,gold_trust,36.15
1370,solar_grid,69.06
1370,,
1370,metro_rail,30.26
1370,quantum_dynamics,55.13
1371,byte_stream,108.81
1371,gold_trust,36.15
1371,solar_grid,69.06
1371,agro_futures,39.71
1371,metro_rail,30.26
1371,quantum_dynamics,55.13
1372,byte_stream,110.87
1372,gold_trust,36.34
1372,solar_grid,65.86
1372,agro_futures,39.66
1372,metro_rail,29.86
1372,quantum_dynamics,53.95
1373,byte_stream,116.29
1373,gold_trust,36.2
1373,solar_grid,66.21
1373,agro_futures,39.42
1373,metro_rail,30.18
1373,quantum_dynamics,54.62
1374,byte_stream,124.97
1374,gold_trust,36.22
1374,solar_grid,66.19
1374,agro_futures,39.03
1374,metro_rail,30.3
1374,,54.88
1375,byte_stream,121.46
1375,gold_trust,36.17
1375,solar_grid,67.64
1375,agro_futures,39.16
1375,metro_rail,30.55
1375,quantum_dynamics,55.46
1376,byte_stream,121.83
1376,gold_trust,36.13
1376,solar_grid,66.9
1376,agro_futures,38.91
1376,metro_rail,30.49
1376,quantum_dynamics,55.18
1377,byte_stream,124.08
1377,gold_trust,36.13
1377,solar_grid,66.9
1377,agro_futures,38.91
1377,metro_rail,30.49
1377,quantum_dynamics,55.18
1378,byte_stream,123.64
1378,gold_trust,7.226000000000001
1378,solar_grid,66.9
1378,agro_futures,38.91
1378,metro_rail,30.49
1378,quantum_dynamics,55.18
1379,byte_stream,129.76
1379,gold_trust,36.1
1379,solar_grid,69.34
1379,agro_futures,39.09
1379,metro_rail,30.29
1379,quantum_dynamics,54.82
1380,byte_stream,126.51
1380,gold_trust,36.17
1380,solar_grid,73.16
1380,agro_futures,
1380,metro_rail,30.21
1380,quantum_dynamics,54.75
1381,byte_stream,129.58
1381,gold_trust,36.9
1381,solar_grid,75.0
1381,agro_futures,37.57
1381,metro_rail,30.3
1381,quantum_dynamics,55.15
1382,byte_stream,
1382,gold_trust,36.96
1382,solar_grid,74.52
1382,agro_futures,37.9
1382,metro_rail,30.82
1382,quantum_dynamics,56.1
1383,byte_stream,139.04
1383,gold_trust,36.35
1383,solar_grid,74.25
1383,,
1383,metro_rail,31.05
1383,quantum_dynamics,56.38
1384,byte_stream,
1384,gold_trust,
1384,solar_grid,
1384,agro_futures,
1384,metro_rail,
1384,quantum_dynamics,
1385,byte_stream,138.95
1385,gold_trust,36.35
1385,solar_grid,74.25
1385,agro_futures,38.56
1385,metro_rail,31.05
1385,quantum_dynamics,56.38
1386,byte_stream,140.02
1386,gold_trust,36.3
1386,solar_grid,74.95
1386,agro_futures,39.07
1386,metro_rail,31.16
1386,quantum_dynamics,56.85
1387,byte_stream,145.06
1387,gold_trust,36.4
1387,solar_grid,77.96
1387,agro_futures,38.89
1387,metro_rail,31.39
1387,quantum_dynamics,57.26
1388,byte_stream,148.97
1388,gold_trust,36.7
1388,solar_grid,
1388,agro_futures,39.55
1388,metro_rail,31.5
1388,quantum_dynamics,57.23
1389,byte_stream,140.43
1389,gold_trust,3.6630000000000003
1389,solar_grid,76.81
1389,agro_futures,39.03
1389,metro_rail,31.6
1389,quantum_dynamics,57.58
1390,byte_stream,137.01
1390,gold_trust,
1390,solar_grid,75.35
1390,,39.46
1390,metro_rail,31.56
1390,quantum_dynamics,57.11
1391,byte_stream,138.59
1391,gold_trust,36.93
1391,solar_grid,75.35
1391,agro_futures,39.46
1391,metro_rail,31.56
1391,quantum_dynamics,57.11
1392,byte_stream,137.54
1392,gold_trust,36.93
1392,solar_grid,75.35
1392,agro_futures,39.46
1392,metro_rail,31.56
1392,quantum_dynamics,57.11
1393,byte_stream,142.3
1393,gold_trust,37.15
1393,solar_grid,77.53
1393,,39.46
1393,metro_rail,31.71
1393,quantum_dynamics,57.63
1394,byte_stream,136.26
1394,gold_trust,36.87
1394,solar_grid,76.41
1394,agro_futures,39.86
1394,metro_rail,31.77
1394,quantum_dynamics,57.66
1395,byte_stream,132.02
1395,gold_trust,
1395,solar_grid,80.25
1395,agro_futures,40.87
1395,metro_rail,
1395,quantum_dynamics,
1396,byte_stream,136.85
1396,gold_trust,37.06
1396,solar_grid,83.49
1396,agro_futures,41.27
1396,metro_rail,31.92
1396,quantum_dynamics,58.46
1397,byte_stream,140.47
1397,gold_trust,36.68
1397,solar_grid,84.43
1397,agro_futures,41.67
1397,metro_rail,31.98
1397,quantum_dynamics,58.65
1398,byte_stream,139.71
1398,gold_trust,36.68
1398,solar_grid,84.43
1398,agro_futures,41.67
1398,metro_rail,31.98
1398,quantum_dynamics,58.65
1399,byte_stream,138.42
1399,gold_trust,36.68
1399,solar_grid,84.43
1399,agro_futures,41.67
1399,metro_rail,31.98
1399,quantum_dynamics,58.65
1400,byte_stream,137.71
1400,gold_trust,36.92
1400,solar_grid,85.65
1400,agro_futures,42.46
1400,metro_rail,32.04
1400,quantum_dynamics,59.02
1401,byte_stream,142.73
1401,gold_trust,36.79
1401,solar_grid,82.89
1401,agro_futures,42.02
1401,metro_rail,32.16
1401,quantum_dynamics,59.23
1402,byte_stream,142.15
1402,gold_trust,36.26
1402,solar_grid,82.77
1402,agro_futures,41.36
1402,metro_rail,32.36
1402,quantum_dynamics,59.84
1403,byte_stream,138.72
1403,gold_trust,36.87
1403,solar_grid,82.95
1403,agro_futures,41.01
1403,metro_rail,32.5
1403,quantum_dynamics,60.33
1404,byte_stream,137.98
1404,gold_trust,37.35
1404,solar_grid,
1404,agro_futures,40.56
1404,metro_rail,32.62
1404,quantum_dynamics,60.44
1405,byte_stream,138.89
1405,gold_trust,37.35
1405,solar_grid,81.58
1405,agro_futures,40.56
1405,metro_rail,32.62
1405,quantum_dynamics,60.44
1406,byte_stream,142.95
1406,gold_trust,373.5
1406,solar_grid,81.58
1406,agro_futures,40.56
1406,metro_rail,32.62
1406,quantum_dynamics,60.44
1407,byte_stream,152.52
1407,gold_trust,37.58
1407,solar_grid,82.3
1407,agro_futures,40.45
1407,metro_rail,32.65
1407,quantum_dynamics,60.49
1408,byte_stream,151.18
1408,gold_trust,37.64
1408,solar_grid,81.64
1408,agro_futures,40.68
1408,metro_rail,32.54
1408,quantum_dynamics,60.12
1409,byte_stream,146.72
1409,gold_trust,38.0
1409,solar_grid,79.39
1409,agro_futures,41.75
1409,metro_rail,32.27
1409,quantum_dynamics,59.12
1410,byte_stream,146.62
1410,gold_trust,38.32
1410,solar_grid,84.02
1410,agro_futures,41.77
1410,metro_rail,32.29
1410,quantum_dynamics,59.43
1411,byte_stream,144.82
1411,gold_trust,38.41
1411,solar_grid,84.86
1411,agro_futures,42.33
1411,metro_rail,32.52
1411,quantum_dynamics,60.03
1412,byte_stream,145.53
1412,gold_trust,38.41
1412,solar_grid,84.86
1412,agro_futures,42.33
1412,metro_rail,32.52
1412,quantum_dynamics,60.03
1413,byte_stream,147.78
1413,gold_trust,38.41
1413,solar_grid,84.86
1413,agro_futures,42.33
1413,metro_rail,32.52
1413,quantum_dynamics,60.03
1414,byte_stream,143.47
1414,gold_trust,38.38
1414,solar_grid,83.49
1414,agro_futures,42.28
1414,metro_rail,32.52
1414,quantum_dynamics,
1415,byte_stream,135.81
1415,gold_trust,38.12
1415,solar_grid,83.07
1415,agro_futures,41.88
1415,metro_rail,32.64
1415,quantum_dynamics,60.45
1416,byte_stream,136.27
1416,gold_trust,38.45
1416,solar_grid,82.76
1416,agro_futures,42.19
1416,metro_rail,32.56
1416,quantum_dynamics,60.26
1417,byte_stream,128.54
1417,gold_trust,38.27
1417,,80.94
1417,agro_futures,42.02
1417,,32.67
1417,quantum_dynamics,60.53
1418,byte_stream,131.2
1418,gold_trust,38.07
1418,solar_grid,83.59
1418,agro_futures,41.86
1418,metro_rail,32.62
1418,quantum_dynamics,60.77
1419,byte_stream,134.76
1419,gold_trust,38.07
1419,solar_grid,83.59
1419,agro_futures,41.86
1419,metro_rail,32.62
1419,quantum_dynamics,60.77
1420,byte_stream,132.58
1420,gold_trust,38.07
1420,solar_grid,83.59
1420,agro_futures,41.86
1420,metro_rail,32.62
1420,quantum_dynamics,60.77
1421,byte_stream,
1421,gold_trust,37.14
1421,solar_grid,81.81
1421,agro_futures,42.3
1421,metro_rail,32.52
1421,quantum_dynamics,60.0
1422,byte_stream,129.95
1422,gold_trust,36.67
1422,solar_grid,79.62
1422,agro_futures,42.57
1422,metro_rail,
1422,quantum_dynamics,59.7
1423,byte_stream,127.05
1423,gold_trust,36.68
1423,solar_grid,79.83
1423,agro_futures,42.52
1423,metro_rail,32.65
1423,quantum_dynamics,59.97
1424,byte_stream,129.29
1424,gold_trust,36.68
1424,solar_grid,79.83
1424,agro_futures,42.52
1424,metro_rail,32.65
1424,quantum_dynamics,59.97
1425,byte_stream,120.93
1425,gold_trust,36.71
1425,solar_grid,77.25
1425,agro_futures,43.03
1425,metro_rail,31.91
1425,quantum_dynamics,58.63
1426,byte_stream,123.74
1426,gold_trust,36.71
1426,solar_grid,77.25
1426,agro_futures,43.03
1426,metro_rail,319.1
1426,quantum_dynamics,58.63
1427,byte_stream,129.23
1427,gold_trust,36.71
1427,solar_grid,77.25
1427,agro_futures,43.03
1427,metro_rail,31.91
1427,quantum_dynamics,58.63
1428,byte_stream,130.49
1428,gold_trust,36.64
1428,solar_grid,
1428,agro_futures,42.61
1428,metro_rail,32.33
1428,quantum_dynamics,59.73
1429,byte_stream,128.68
1429,,36.46
1429,solar_grid,76.24
1429,agro_futures,41.58
1429,metro_rail,31.71
1429,quantum_dynamics,
1430,byte_stream,129.19
1430,gold_trust,
1430,solar_grid,73.61
1430,agro_futures,41.95
1430,metro_rail,31.34
1430,quantum_dynamics,57.73
1431,byte_stream,127.49
1431,gold_trust,36.24
1431,solar_grid,73.55
1431,agro_futures,42.32
1431,metro_rail,31.78
1431,quantum_dynamics,58.21
1432,byte_stream,120.99
1432,gold_trust,36.68
1432,solar_grid,70.0
1432,agro_futures,42.98
1432,metro_rail,31.52
1432,quantum_dynamics,57.09
1433,byte_stream,
1433,gold_trust,36.68
1433,solar_grid,70.0
1433,agro_futures,42.98
1433,metro_rail,31.52
1433,quantum_dynamics,57.09
1434,byte_stream,111.44
1434,gold_trust,36.68
1434,solar_grid,
1434,agro_futures,42.98
1434,,31.52
1434,quantum_dynamics,57.09
1435,byte_stream,114.18
1435,gold_trust,36.59
1435,solar_grid,70.97
1435,agro_futures,42.79
1435,,31.89
1435,,57.62
1436,byte_stream,114.45
1436,gold_trust,36.69
1436,solar_grid,73.55
1436,agro_futures,42.99
1436,metro_rail,32.55
1436,quantum_dynamics,59.37
1437,,114.01
1437,gold_trust,36.71
1437,solar_grid,74.08
1437,agro_futures,42.88
1437,metro_rail,32.65
1437,quantum_dynamics,59.75
1438,byte_stream,107.61
1438,gold_trust,36.53
1438,solar_grid,71.4
1438,agro_futures,43.16
1438,metro_rail,32.41
1438,quantum_dynamics,58.73
1439,byte_stream,106.65
1439,gold_trust,36.69
1439,solar_grid,71.26
1439,agro_futures,4.316
1439,metro_rail,32.72
1439,quantum_dynamics,59.15
1440,byte_stream,111.43
1440,gold_trust,36.69
1440,solar_grid,71.26
1440,agro_futures,43.16
1440,metro_rail,32.72
1440,quantum_dynamics,59.15
1441,byte_stream,113.09
1441,gold_trust,36.69
1441,solar_grid,71.26
1441,agro_futures,
1441,metro_rail,32.72
1441,quantum_dynamics,
1442,byte_stream,105.5
1442,gold_trust,36.77
1442,solar_grid,
1442,agro_futures,42.85
1442,metro_rail,32.42
1442,quantum_dynamics,58.33
1443,byte_stream,105.22
1443,gold_trust,182.2
1443,solar_grid,68.63
1443,agro_futures,
1443,metro_rail,32.18
1443,quantum_dynamics,57.67
1444,byte_stream,110.38
1444,gold_trust,36.28
1444,solar_grid,69.37
1444,agro_futures,42.96
1444,metro_rail,32.71
1444,quantum_dynamics,58.91
1445,,107.6
1445,gold_trust,36.97
1445,solar_grid,67.11
1445,agro_futures,43.36
1445,metro_rail,
1445,quantum_dynamics,57.45
1446,byte_stream,104.3
1446,gold_trust,
1446,solar_grid,67.34
1446,agro_futures,43.51
1446,metro_rail,32.09
1446,quantum_dynamics,57.41
1447,byte_stream,105.76
1447,gold_trust,37.11
1447,solar_grid,67.34
1447,agro_futures,43.51
1447,metro_rail,32.09
1447,quantum_dynamics,57.41
1448,byte_stream,105.44
1448,gold_trust,37.11
1448,solar_grid,67.34
1448,agro_futures,43.51
1448,metro_rail,32.09
1448,quantum_dynamics,57.41
1449,byte_stream,105.83
1449,gold_trust,36.9
1449,solar_grid,62.84
1449,agro_futures,
1449,metro_rail,31.72
1449,quantum_dynamics,56.7
1450,byte_stream,
1450,gold_trust,36.77
1450,solar_grid,66.4
1450,agro_futures,43.87
1450,metro_rail,32.29
1450,quantum_dynamics,58.06
1451,byte_stream,109.77
1451,gold_trust,37.05
1451,solar_grid,66.29
1451,agro_futures,44.19
1451,metro_rail,32.61
1451,quantum_dynamics,58.74
1452,byte_stream,114.64
1452,gold_trust,37.25
1452,solar_grid,66.38
1452,agro_futures,44.42
1452,metro_rail,32.82
1452,quantum_dynamics,59.24
1453,byte_stream,
1453,gold_trust,37.25
1453,solar_grid,66.38
1453,agro_futures,44.42
1453,metro_rail,32.82
1453,quantum_dynamics,59.24
1454,byte_stream,
1454,gold_trust,
1454,solar_grid,
1454,agro_futures,
1454,metro_rail,
1454,quantum_dynamics,
1455,byte_stream,114.7
1455,gold_trust,37.25
1455,solar_grid,66.38
1455,agro_futures,44.42
1455,metro_rail,32.82
1455,quantum_dynamics,59.24
1456,byte_stream,114.31
1456,gold_trust,37.19
1456,solar_grid,65.75
1456,agro_futures,45.08
1456,metro_rail,33.27
1456,quantum_dynamics,60.06
1457,byte_stream,107.43
1457,gold_trust,37.23
1457,solar_grid,64.75
1457,agro_futures,44.35
1457,metro_rail,33.24
1457,quantum_dynamics,59.73
1458,byte_stream,104.84
1458,gold_trust,37.13
1458,solar_grid,64.29
1458,agro_futures,44.41
1458,metro_rail,33.28
1458,quantum_dynamics,59.67
1459,byte_stream,106.5
1459,gold_trust,37.3
1459,solar_grid,66.18
1459,agro_futures,43.71
1459,metro_rail,33.19
1459,quantum_dynamics,
1460,byte_stream,104.53
1460,gold_trust,37.59
1460,solar_grid,65.57
1460,agro_futures,43.51
1460,metro_rail,33.1
1460,quantum_dynamics,59.21
1461,byte_stream,107.65
1461,gold_trust,37.59
1461,solar_grid,65.57
1461,agro_futures,43.51
1461,metro_rail,33.1
1461,,59.21
1462,byte_stream,106.88
1462,gold_trust,
1462,solar_grid,65.57
1462,,43.51
1462,metro_rail,33.1
1462,quantum_dynamics,59.21
1463,byte_stream,
1463,gold_trust,37.01
1463,solar_grid,66.87
1463,agro_futures,43.21
1463,metro_rail,33.31
1463,quantum_dynamics,59.92
1464,byte_stream,
1464,gold_trust,
1464,solar_grid,
1464,agro_futures,
1464,metro_rail,
1464,quantum_dynamics,
1465,byte_stream,98.35
1465,gold_trust,37.52
1465,solar_grid,60.67
1465,agro_futures,44.17
1465,metro_rail,32.64
1465,quantum_dynamics,57.15
1466,byte_stream,
1466,gold_trust,
1466,solar_grid,
1466,agro_futures,
1466,metro_rail,
1466,quantum_dynamics,
1467,byte_stream,93.81
1467,gold_trust,36.95
1467,solar_grid,60.28
1467,agro_futures,44.5
1467,metro_rail,32.48
1467,quantum_dynamics,56.52
1468,byte_stream,94.21
1468,gold_trust,36.95
1468,solar_grid,60.28
1468,agro_futures,44.5
1468,metro_rail,32.48
1468,quantum_dynamics,56.52
1469,byte_stream,94.61
1469,gold_trust,36.95
1469,solar_grid,60.28
1469,agro_futures,44.5
1469,metro_rail,32.48
1469,,
1470,byte_stream,94.41
1470,gold_trust,36.98
1470,solar_grid,60.23
1470,agro_futures,43.98
1470,metro_rail,32.43
1470,quantum_dynamics,56.55
1471,byte_stream,96.47
1471,gold_trust,37.39
1471,solar_grid,61.26
1471,agro_futures,44.08
1471,metro_rail,32.73
1471,quantum_dynamics,57.35
1472,byte_stream,99.21
1472,gold_trust,37.57
1472,solar_grid,61.54
1472,agro_futures,43.93
1472,metro_rail,32.82
1472,quantum_dynamics,57.48
1473,byte_stream,96.15
1473,gold_trust,37.45
1473,solar_grid,60.17
1473,agro_futures,43.09
1473,metro_rail,32.35
1473,quantum_dynamics,56.04
1474,byte_stream,97.29
1474,gold_trust,37.35
1474,solar_grid,60.02
1474,agro_futures,43.73
1474,metro_rail,32.38
1474,quantum_dynamics,56.37
1475,byte_stream,97.47
1475,gold_trust,37.35
1475,solar_grid,
1475,agro_futures,43.73
1475,metro_rail,32.38
1475,quantum_dynamics,
1476,byte_stream,97.32
1476,gold_trust,37.35
1476,solar_grid,60.02
1476,agro_futures,43.73
1476,metro_rail,32.38
1476,quantum_dynamics,56.37
1477,byte_stream,95.38
1477,gold_trust,37.35
1477,solar_grid,60.02
1477,agro_futures,43.73
1477,metro_rail,32.38
1477,quantum_dynamics,56.37
1478,byte_stream,95.66
1478,gold_trust,37.26
1478,solar_grid,
1478,agro_futures,43.97
1478,metro_rail,31.79
1478,quantum_dynamics,54.9
1479,byte_stream,94.23
1479,gold_trust,37.89
1479,solar_grid,57.03
1479,agro_futures,44.77
1479,metro_rail,31.48
1479,quantum_dynamics,54.27
1480,byte_stream,91.83
1480,gold_trust,37.88
1480,solar_grid,57.07
1480,agro_futures,44.81
1480,metro_rail,31.13
1480,quantum_dynamics,53.57
1481,byte_stream,82.3
1481,gold_trust,37.66
1481,solar_grid,54.3
1481,agro_futures,45.19
1481,metro_rail,30.54
1481,quantum_dynamics,52.11
1482,byte_stream,79.08
1482,gold_trust,37.66
1482,solar_grid,54.3
1482,agro_futures,45.19
1482,metro_rail,30.54
1482,quantum_dynamics,52.11
1483,byte_stream,81.89
1483,gold_trust,37.66
1483,solar_grid,54.3
1483,agro_futures,45.19
1483,,30.54
1483,quantum_dynamics,52.11
1484,byte_stream,82.74
1484,gold_trust,37.86
1484,solar_grid,54.88
1484,agro_futures,45.54
1484,metro_rail,
1484,quantum_dynamics,52.43
1485,byte_stream,83.42
1485,gold_trust,38.09
1485,solar_grid,53.14
1485,agro_futures,45.47
1485,metro_rail,30.25
1485,quantum_dynamics,51.24
1486,byte_stream,83.19
1486,gold_trust,37.62
1486,solar_grid,53.24
1486,agro_futures,45.98
1486,metro_rail,30.21
1486,quantum_dynamics,51.25
1487,byte_stream,83.83
1487,gold_trust,36.86
1487,solar_grid,51.24
1487,agro_futures,45.85
1487,metro_rail,30.04
1487,quantum_dynamics,50.53
1488,byte_stream,85.29
1488,gold_trust,36.7
1488,solar_grid,51.55
1488,agro_futures,46.64
1488,metro_rail,30.78
1488,quantum_dynamics,
1489,byte_stream,86.09
1489,gold_trust,36.7
1489,,51.55
1489,agro_futures,46.64
1489,metro_rail,30.78
1489,quantum_dynamics,
1490,byte_stream,85.59
1490,gold_trust,36.7
1490,solar_grid,51.55
1490,agro_futures,46.64
1490,metro_rail,30.78
1490,quantum_dynamics,52.11
1491,byte_stream,86.87
1491,gold_trust,
1491,solar_grid,55.79
1491,agro_futures,
1491,metro_rail,31.36
1491,quantum_dynamics,53.89
1492,,87.46
1492,gold_trust,37.04
1492,solar_grid,55.56
1492,agro_futures,46.55
1492,metro_rail,31.57
1492,quantum_dynamics,54.29
1493,byte_stream,83.42
1493,gold_trust,37.22
1493,solar_grid,54.52
1493,agro_futures,45.65
1493,metro_rail,31.87
1493,quantum_dynamics,54.56
1494,byte_stream,83.87
1494,gold_trust,37.09
1494,solar_grid,52.34
1494,agro_futures,45.23
1494,metro_rail,31.09
1494,quantum_dynamics,
1495,byte_stream,93.68
1495,gold_trust,37.17
1495,solar_grid,54.02
1495,agro_futures,45.51
1495,metro_rail,31.25
1495,quantum_dynamics,53.35
1496,byte_stream,93.55
1496,gold_trust,37.17
1496,solar_grid,54.02
1496,agro_futures,45.51
1496,metro_rail,31.25
1496,quantum_dynamics,53.35
1497,byte_stream,95.74
1497,gold_trust,185.85000000000002
1497,solar_grid,54.02
1497,agro_futures,45.51
1497,metro_rail,31.25
1497,quantum_dynamics,53.35
1498,byte_stream,98.96
1498,gold_trust,37.45
1498,solar_grid,53.58
1498,,46.59
1498,metro_rail,31.14
1498,quantum_dynamics,53.04
1499,,
1499,gold_trust,37.58
1499,solar_grid,54.35
1499,agro_futures,46.37
1499,metro_rail,31.4
1499,quantum_dynamics,53.72
1500,byte_stream,100.09
1500,gold_trust,37.76
1500,solar_grid,56.94
1500,agro_futures,47.43
1500,metro_rail,
1500,quantum_dynamics,54.84
1501,byte_stream,98.34
1501,gold_trust,37.78
1501,solar_grid,55.42
1501,agro_futures,47.06
1501,metro_rail,31.28
1501,quantum_dynamics,53.69
1502,byte_stream,95.73
1502,gold_trust,37.87
1502,solar_grid,53.32
1502,agro_futures,47.74
1502,metro_rail,30.68
1502,quantum_dynamics,52.19
1503,byte_stream,95.36
1503,gold_trust,37.87
1503,solar_grid,53.32
1503,agro_futures,47.74
1503,metro_rail,30.68
1503,quantum_dynamics,
1504,byte_stream,95.26
1504,gold_trust,37.87
1504,solar_grid,53.32
1504,agro_futures,47.74
1504,metro_rail,30.68
1504,quantum_dynamics,52.19
1505,byte_stream,96.13
1505,gold_trust,38.43
1505,solar_grid,52.59
1505,agro_futures,48.09
1505,metro_rail,30.57
1505,quantum_dynamics,52.19
1506,byte_stream,100.62
1506,gold_trust,38.16
1506,solar_grid,55.85
1506,agro_futures,46.79
1506,metro_rail,31.05
1506,quantum_dynamics,53.51
1507,byte_stream,99.24
1507,gold_trust,38.48
1507,solar_grid,55.94
1507,agro_futures,47.45
1507,metro_rail,31.08
1507,quantum_dynamics,53.45
1508,byte_stream,91.51
1508,gold_trust,39.1
1508,solar_grid,54.49
1508,agro_futures,47.67
1508,metro_rail,30.42
1508,quantum_dynamics,51.91
1509,byte_stream,90.36
1509,gold_trust,39.06
1509,solar_grid,53.23
1509,agro_futures,47.98
1509,metro_rail,
1509,,
1510,byte_stream,90.57
1510,gold_trust,39.06
1510,solar_grid,53.23
1510,agro_futures,47.98
1510,metro_rail,30.2
1510,quantum_dynamics,51.27
1511,byte_stream,
1511,gold_trust,39.06
1511,solar_grid,53.23
1511,agro_futures,47.98
1511,metro_rail,30.2
1511,quantum_dynamics,51.27
1512,byte_stream,83.69
1512,gold_trust,39.06
1512,solar_grid,53.23
1512,agro_futures,47.98
1512,metro_rail,30.2
1512,quantum_dynamics,51.27
1513,byte_stream,86.43
1513,gold_trust,39.21
1513,solar_grid,51.24
1513,agro_futures,
1513,metro_rail,29.89
1513,quantum_dynamics,50.64
1514,byte_stream,84.19
1514,gold_trust,39.28
1514,solar_grid,50.83
1514,agro_futures,50.14
1514,metro_rail,29.34
1514,quantum_dynamics,49.34
1515,byte_stream,86.53
1515,gold_trust,39.6
1515,solar_grid,55.21
1515,agro_futures,50.97
1515,,29.78
1515,quantum_dynamics,50.99
1516,byte_stream,88.52
1516,gold_trust,38.81
1516,solar_grid,56.59
1516,agro_futures,48.37
1516,metro_rail,30.45
1516,quantum_dynamics,51.83
1517,byte_stream,88.27
1517,gold_trust,38.81
1517,solar_grid,56.59
1517,agro_futures,48.37
1517,metro_rail,30.45
1517,quantum_dynamics,51.83
1518,byte_stream,85.13
1518,gold_trust,38.81
1518,solar_grid,56.59
1518,agro_futures,48.37
1518,metro_rail,30.45
1518,quantum_dynamics,51.83
1519,byte_stream,97.5
1519,gold_trust,39.08
1519,solar_grid,60.89
1519,agro_futures,51.15
1519,metro_rail,30.37
1519,quantum_dynamics,52.04
1520,byte_stream,100.12
1520,gold_trust,39.96
1520,solar_grid,62.06
1520,agro_futures,54.25
1520,metro_rail,29.9
1520,quantum_dynamics,51.21
1521,byte_stream,99.15
1521,gold_trust,39.52
1521,solar_grid,59.93
1521,agro_futures,54.2
1521,metro_rail,30.46
1521,quantum_dynamics,52.04
1522,byte_stream,95.83
1522,gold_trust,39.8
1522,solar_grid,291.05
1522,agro_futures,55.09
1522,metro_rail,30.3
1522,quantum_dynamics,51.23
1523,byte_stream,88.35
1523,gold_trust,
1523,solar_grid,57.9
1523,,55.48
1523,metro_rail,30.06
1523,quantum_dynamics,50.38
1524,byte_stream,88.94
1524,gold_trust,40.43
1524,solar_grid,57.9
1524,agro_futures,55.48
1524,metro_rail,30.06
1524,quantum_dynamics,50.38
1525,byte_stream,86.73
1525,,40.43
1525,solar_grid,57.9
1525,agro_futures,55.48
1525,metro_rail,30.06
1525,quantum_dynamics,50.38
1526,byte_stream,85.92
1526,gold_trust,41.03
1526,solar_grid,59.63
1526,agro_futures,54.95
1526,metro_rail,29.17
1526,quantum_dynamics,48.56
1527,byte_stream,
1527,gold_trust,42.01
1527,solar_grid,65.18
1527,agro_futures,55.33
1527,metro_rail,28.96
1527,quantum_dynamics,48.42
1528,byte_stream,94.77
1528,gold_trust,40.88
1528,solar_grid,65.45
1528,agro_futures,53.9
1528,metro_rail,29.71
1528,quantum_dynamics,50.17
1529,byte_stream,89.03
1529,gold_trust,41.13
1529,solar_grid,63.9
1529,agro_futures,55.57
1529,metro_rail,29.58
1529,quantum_dynamics,49.69
1530,byte_stream,87.57
1530,gold_trust,40.81
1530,solar_grid,
1530,agro_futures,56.07
1530,metro_rail,29.2
1530,quantum_dynamics,48.61
1531,byte_stream,87.82
1531,gold_trust,40.81
1531,solar_grid,62.73
1531,agro_futures,56.07
1531,metro_rail,29.2
1531,quantum_dynamics,48.61
1532,byte_stream,85.44
1532,gold_trust,
1532,solar_grid,62.73
1532,agro_futures,56.07
1532,metro_rail,29.2
1532,quantum_dynamics,48.61
1533,byte_stream,89.54
1533,gold_trust,40.31
1533,solar_grid,58.87
1533,agro_futures,53.41
1533,metro_rail,28.98
1533,quantum_dynamics,47.61
1534,byte_stream,88.8
1534,gold_trust,39.67
1534,solar_grid,60.77
1534,agro_futures,55.59
1534,metro_rail,29.6
1534,quantum_dynamics,49.0
1535,byte_stream,92.88
1535,gold_trust,39.25
1535,solar_grid,64.42
1535,agro_futures,53.54
1535,metro_rail,30.26
1535,,50.85
1536,byte_stream,92.44
1536,gold_trust,39.95
1536,solar_grid,64.05
1536,agro_futures,55.33
1536,metro_rail,30.64
1536,quantum_dynamics,51.53
1537,byte_stream,94.36
1537,gold_trust,39.66
1537,solar_grid,64.78
1537,agro_futures,54.4
1537,metro_rail,30.99
1537,quantum_dynamics,10.516
1538,byte_stream,95.24
1538,gold_trust,39.66
1538,solar_grid,64.78
1538,agro_futures,54.4
1538,metro_rail,30.99
1538,quantum_dynamics,52.58
1539,byte_stream,93.11
1539,gold_trust,39.66
1539,solar_grid,64.78
1539,agro_futures,54.4
1539,metro_rail,30.99
1539,quantum_dynamics,52.58
1540,byte_stream,92.73
1540,gold_trust,39.67
1540,solar_grid,
1540,agro_futures,55.46
1540,metro_rail,30.98
1540,quantum_dynamics,52.37
1541,byte_stream,95.62
1541,gold_trust,39.5
1541,solar_grid,65.39
1541,agro_futures,55.22
1541,metro_rail,31.33
1541,quantum_dynamics,53.39
1542,byte_stream,96.83
1542,gold_trust,39.83
1542,solar_grid,64.91
1542,agro_futures,55.57
1542,metro_rail,30.95
1542,quantum_dynamics,52.69
1543,byte_stream,99.24
1543,gold_trust,40.34
1543,solar_grid,65.81
1543,agro_futures,54.87
1543,metro_rail,31.39
1543,,53.71
1544,byte_stream,100.11
1544,gold_trust,40.18
1544,solar_grid,64.2
1544,agro_futures,55.3
1544,metro_rail,31.55
1544,quantum_dynamics,53.62
1545,byte_stream,100.45
1545,gold_trust,40.18
1545,solar_grid,64.2
1545,agro_futures,55.3
1545,metro_rail,31.55
1545,quantum_dynamics,53.62
1546,byte_stream,105.69
1546,,40.18
1546,solar_grid,64.2
1546,,55.3
1546,metro_rail,31.55
1546,quantum_dynamics,53.62
1547,byte_stream,106.39
1547,gold_trust,39.88
1547,solar_grid,64.72
1547,agro_futures,54.89
1547,metro_rail,31.77
1547,quantum_dynamics,54.33
1548,,107.15
1548,gold_trust,39.31
1548,solar_grid,65.65
1548,agro_futures,53.26
1548,metro_rail,32.16
1548,quantum_dynamics,55.33
1549,byte_stream,106.24
1549,gold_trust,39.75
1549,solar_grid,6.456
1549,agro_futures,54.12
1549,metro_rail,31.96
1549,,54.66
1550,byte_stream,102.8
1550,gold_trust,40.07
1550,solar_grid,64.29
1550,agro_futures,54.91
1550,metro_rail,31.46
1550,quantum_dynamics,53.82
1551,byte_stream,104.47
1551,gold_trust,39.55
1551,solar_grid,
1551,agro_futures,53.9
1551,metro_rail,31.57
1551,quantum_dynamics,53.97
1552,byte_stream,103.54
1552,gold_trust,39.55
1552,solar_grid,64.93
1552,agro_futures,53.9
1552,metro_rail,31.57
1552,quantum_dynamics,53.97
1553,byte_stream,104.86
1553,gold_trust,39.55
1553,solar_grid,64.93
1553,agro_futures,53.9
1553,metro_rail,31.57
1553,quantum_dynamics,53.97
1554,byte_stream,10.524000000000001
1554,gold_trust,39.76
1554,solar_grid,67.65
1554,agro_futures,55.04
1554,metro_rail,31.82
1554,quantum_dynamics,55.0
1555,byte_stream,102.84
1555,gold_trust,39.63
1555,solar_grid,
1555,agro_futures,55.72
1555,metro_rail,31.42
1555,quantum_dynamics,53.76
1556,byte_stream,97.53
1556,gold_trust,39.54
1556,solar_grid,64.19
1556,agro_futures,55.48
1556,metro_rail,31.12
1556,quantum_dynamics,52.56
1557,,98.2
1557,gold_trust,39.84
1557,solar_grid,63.51
1557,agro_futures,55.57
1557,metro_rail,31.25
1557,quantum_dynamics,52.59
1558,byte_stream,95.46
1558,gold_trust,40.0
1558,solar_grid,61.95
1558,,56.38
1558,metro_rail,31.17
1558,quantum_dynamics,51.89
1559,byte_stream,965.8
1559,gold_trust,40.0
1559,solar_grid,61.95
1559,agro_futures,56.38
1559,metro_rail,31.17
1559,quantum_dynamics,51.89
1560,byte_stream,95.28
1560,gold_trust,40.0
1560,solar_grid,61.95
1560,agro_futures,56.38
1560,metro_rail,31.17
1560,quantum_dynamics,51.89
1561,byte_stream,
1561,gold_trust,
1561,solar_grid,
1561,agro_futures,
1561,metro_rail,
1561,quantum_dynamics,
1562,byte_stream,90.58
1562,gold_trust,40.63
1562,solar_grid,61.09
1562,agro_futures,56.93
1562,metro_rail,30.54
1562,quantum_dynamics,50.6
1563,byte_stream,92.93
1563,gold_trust,40.8
1563,solar_grid,62.19
1563,agro_futures,57.46
1563,metro_rail,30.88
1563,quantum_dynamics,51.63
1564,byte_stream,90.15
1564,gold_trust,40.6
1564,solar_grid,61.37
1564,agro_futures,
1564,metro_rail,30.5
1564,quantum_dynamics,50.53
1565,byte_stream,91.54
1565,gold_trust,40.6
1565,solar_grid,61.37
1565,agro_futures,57.95
1565,metro_rail,30.5
1565,quantum_dynamics,50.53
1566,byte_stream,91.25
1566,gold_trust,40.6
1566,solar_grid,61.37
1566,agro_futures,57.95
1566,metro_rail,30.5
1566,quantum_dynamics,50.53
1567,byte_stream,89.66
1567,,40.6
1567,solar_grid,61.37
1567,agro_futures,57.95
1567,metro_rail,30.5
1567,quantum_dynamics,50.53
1568,byte_stream,92.16
1568,gold_trust,40.84
1568,solar_grid,61.05
1568,agro_futures,59.64
1568,metro_rail,30.5
1568,quantum_dynamics,50.46
1569,byte_stream,93.69
1569,gold_trust,40.28
1569,solar_grid,62.41
1569,agro_futures,58.96
1569,metro_rail,30.99
1569,quantum_dynamics,51.54
1570,,93.4
1570,gold_trust,40.21
1570,solar_grid,59.49
1570,agro_futures,59.82
1570,metro_rail,30.97
1570,quantum_dynamics,50.91
1571,byte_stream,91.49
1571,gold_trust,8.01
1571,solar_grid,55.39
1571,agro_futures,58.61
1571,metro_rail,30.51
1571,quantum_dynamics,49.86
1572,byte_stream,89.71
1572,gold_trust,39.77
1572,solar_grid,54.95
1572,agro_futures,58.16
1572,metro_rail,29.66
1572,quantum_dynamics,48.59
1573,byte_stream,89.14
1573,gold_trust,39.77
1573,solar_grid,54.95
1573,agro_futures,58.16
1573,metro_rail,29.66
1573,quantum_dynamics,48.59
1574,byte_stream,89.1
1574,gold_trust,39.77
1574,solar_grid,54.95
1574,agro_futures,58.16
1574,metro_rail,29.66
1574,quantum_dynamics,48.59
1575,byte_stream,91.33
1575,gold_trust,38.98
1575,solar_grid,54.5
1575,agro_futures,58.69
1575,metro_rail,29.83
1575,quantum_dynamics,49.22
1576,byte_stream,86.05
1576,gold_trust,39.15
1576,solar_grid,53.13
1576,agro_futures,58.91
1576,metro_rail,2.899
1576,quantum_dynamics,47.27
1577,byte_stream,88.58
1577,gold_trust,38.83
1577,solar_grid,54.66
1577,agro_futures,59.81
1577,metro_rail,29.05
1577,quantum_dynamics,47.26
1578,,89.78
1578,gold_trust,38.88
1578,solar_grid,
1578,agro_futures,59.84
1578,metro_rail,29.77
1578,quantum_dynamics,48.71
1579,byte_stream,87.16
1579,gold_trust,39.3
1579,solar_grid,54.72
1579,agro_futures,60.01
1579,metro_rail,28.69
1579,quantum_dynamics,46.68
1580,byte_stream,85.14
1580,gold_trust,39.3
1580,solar_grid,
1580,,60.01
1580,metro_rail,28.69
1580,quantum_dynamics,46.68
1581,byte_stream,86.84
1581,gold_trust,39.3
1581,solar_grid,54.72
1581,agro_futures,60.01
1581,metro_rail,28.69
1581,quantum_dynamics,46.68
1582,byte_stream,86.98
1582,gold_trust,38.31
1582,solar_grid,55.36
1582,agro_futures,59.62
1582,metro_rail,28.86
1582,quantum_dynamics,47.44
1583,byte_stream,
1583,gold_trust,
1583,solar_grid,
1583,agro_futures,
1583,metro_rail,
1583,quantum_dynamics,
1584,byte_stream,89.61
1584,gold_trust,38.42
1584,solar_grid,60.11
1584,agro_futures,58.56
1584,metro_rail,29.86
1584,quantum_dynamics,49.07
1585,byte_stream,82.56
1585,gold_trust,38.56
1585,solar_grid,57.46
1585,agro_futures,58.94
1585,,28.8
1585,quantum_dynamics,46.62
1586,byte_stream,81.36
1586,gold_trust,38.71
1586,solar_grid,55.18
1586,agro_futures,58.1
1586,metro_rail,
1586,,45.96
1587,byte_stream,80.14
1587,gold_trust,38.71
1587,solar_grid,55.18
1587,agro_futures,58.1
1587,metro_rail,28.63
1587,quantum_dynamics,45.96
1588,byte_stream,76.88
1588,gold_trust,38.71
1588,solar_grid,
1588,agro_futures,58.1
1588,metro_rail,28.63
1588,quantum_dynamics,45.96
1589,byte_stream,68.39
1589,gold_trust,38.21
1589,solar_grid,51.04
1589,agro_futures,57.53
1589,metro_rail,27.72
1589,quantum_dynamics,43.99
1590,byte_stream,70.03
1590,gold_trust,37.85
1590,solar_grid,51.39
1590,agro_futures,57.68
1590,metro_rail,27.78
1590,quantum_dynamics,
1591,byte_stream,65.32
1591,gold_trust,38.11
1591,solar_grid,49.23
1591,agro_futures,58.83
1591,metro_rail,27.33
1591,quantum_dynamics,43.01
1592,byte_stream,65.57
1592,gold_trust,37.51
1592,solar_grid,49.06
1592,agro_futures,59.66
1592,metro_rail,27.29
1592,quantum_dynamics,43.03
1593,byte_stream,66.1
1593,gold_trust,37.18
1593,solar_grid,52.57
1593,agro_futures,58.27
1593,metro_rail,27.94
1593,quantum_dynamics,44.68
1594,byte_stream,67.95
1594,gold_trust,37.18
1594,solar_grid,52.57
1594,agro_futures,58.27
1594,metro_rail,27.94
1594,quantum_dynamics,44.68
1595,byte_stream,70.67
1595,gold_trust,37.18
1595,solar_grid,52.57
1595,agro_futures,58.27
1595,metro_rail,27.94
1595,quantum_dynamics,44.68
1596,byte_stream,67.41
1596,gold_trust,37.29
1596,solar_grid,51.75
1596,agro_futures,59.37
1596,metro_rail,27.83
1596,quantum_dynamics,44.14
1597,byte_stream,68.68
1597,gold_trust,37.4
1597,solar_grid,
1597,agro_futures,58.72
1597,metro_rail,28.39
1597,,45.36
1598,byte_stream,64.83
1598,gold_trust,37.33
1598,solar_grid,543.9
1598,agro_futures,57.31
1598,metro_rail,27.25
1598,quantum_dynamics,43.21
1599,byte_stream,68.43
1599,gold_trust,37.85
1599,solar_grid,56.84
1599,agro_futures,57.44
1599,metro_rail,27.09
1599,quantum_dynamics,43.1
1600,byte_stream,65.92
1600,gold_trust,
1600,solar_grid,57.24
1600,agro_futures,57.11
1600,metro_rail,27.09
1600,quantum_dynamics,42.97
1601,byte_stream,66.44
1601,gold_trust,37.87
1601,solar_grid,57.24
1601,agro_futures,57.11
1601,metro_rail,27.09
1601,quantum_dynamics,42.97
1602,byte_stream,68.45
1602,gold_trust,37.87
1602,,57.24
1602,agro_futures,57.11
1602,metro_rail,27.09
1602,quantum_dynamics,42.97
1603,byte_stream,65.69
1603,gold_trust,37.99
1603,solar_grid,57.74
1603,,57.66
1603,metro_rail,27.6
1603,quantum_dynamics,43.66
1604,byte_stream,66.94
1604,gold_trust,38.35
1604,solar_grid,56.49
1604,agro_futures,56.6
1604,metro_rail,27.37
1604,quantum_dynamics,42.63
1605,byte_stream,66.73
1605,gold_trust,37.96
1605,solar_grid,57.43
1605,agro_futures,56.63
1605,metro_rail,27.63
1605,quantum_dynamics,43.27
1606,byte_stream,66.07
1606,gold_trust,37.99
1606,solar_grid,59.4
1606,agro_futures,56.1
1606,metro_rail,28.18
1606,quantum_dynamics,44.43
1607,byte_stream,64.62
1607,gold_trust,38.06
1607,solar_grid,60.73
1607,agro_futures,57.0
1607,metro_rail,28.88
1607,quantum_dynamics,45.91
1608,byte_stream,65.05
1608,gold_trust,38.06
1608,solar_grid,60.73
1608,agro_futures,57.0
1608,metro_rail,28.88
1608,,45.91
1609,byte_stream,66.47
1609,gold_trust,38.06
1609,solar_grid,
1609,agro_futures,57.0
1609,metro_rail,28.88
1609,quantum_dynamics,45.91
1610,byte_stream,71.62
1610,gold_trust,38.06
1610,solar_grid,60.73
1610,agro_futures,
1610,metro_rail,28.88
1610,quantum_dynamics,45.91
1611,byte_stream,71.77
1611,gold_trust,37.88
1611,solar_grid,12.114
1611,agro_futures,55.26
1611,metro_rail,28.7
1611,quantum_dynamics,45.72
1612,byte_stream,67.27
1612,gold_trust,38.01
1612,solar_grid,59.82
1612,agro_futures,53.63
1612,metro_rail,28.48
1612,quantum_dynamics,45.39
1613,byte_stream,68.78
1613,gold_trust,38.47
1613,solar_grid,63.1
1613,agro_futures,53.55
1613,metro_rail,29.01
1613,quantum_dynamics,46.61
1614,byte_stream,67.05
1614,gold_trust,38.04
1614,solar_grid,62.75
1614,,53.32
1614,metro_rail,28.53
1614,quantum_dynamics,45.46
1615,byte_stream,67.34
1615,gold_trust,38.04
1615,solar_grid,62.75
1615,agro_futures,53.32
1615,metro_rail,
1615,quantum_dynamics,45.46
1616,byte_stream,67.51
1616,gold_trust,38.04
1616,solar_grid,62.75
1616,agro_futures,53.32
1616,metro_rail,28.53
1616,,
1617,byte_stream,70.82
1617,gold_trust,37.91
1617,solar_grid,65.42
1617,agro_futures,54.45
1617,metro_rail,28.62
1617,quantum_dynamics,45.65
1618,byte_stream,70.33
1618,gold_trust,38.08
1618,solar_grid,66.08
1618,agro_futures,55.52
1618,metro_rail,
1618,quantum_dynamics,
1619,byte_stream,
1619,gold_trust,38.17
1619,solar_grid,65.18
1619,agro_futures,56.07
1619,metro_rail,28.58
1619,quantum_dynamics,45.74
1620,byte_stream,67.97
1620,gold_trust,38.09
1620,,63.58
1620,agro_futures,56.69
1620,metro_rail,27.9
1620,quantum_dynamics,
1621,byte_stream,65.65
1621,gold_trust,38.56
1621,solar_grid,62.57
1621,agro_futures,56.71
1621,metro_rail,27.09
1621,quantum_dynamics,42.92
1622,byte_stream,64.02
1622,gold_trust,38.56
1622,solar_grid,62.57
1622,agro_futures,56.71
1622,metro_rail,
1622,quantum_dynamics,42.92
1623,byte_stream,60.41
1623,gold_trust,38.56
1623,solar_grid,62.57
1623,agro_futures,56.71
1623,metro_rail,27.09
1623,quantum_dynamics,42.92
1624,byte_stream,50.76
1624,gold_trust,37.66
1624,solar_grid,58.64
1624,agro_futures,56.41
1624,metro_rail,26.04
1624,,40.91
1625,byte_stream,50.13
1625,gold_trust,37.28
1625,solar_grid,58.05
1625,agro_futures,56.34
1625,metro_rail,25.94
1625,quantum_dynamics,40.98
1626,byte_stream,50.96
1626,gold_trust,37.41
1626,solar_grid,59.8
1626,agro_futures,567.6
1626,metro_rail,26.32
1626,quantum_dynamics,42.0
1627,byte_stream,46.01
1627,gold_trust,38.03
1627,solar_grid,56.41
1627,agro_futures,57.81
1627,metro_rail,25.46
1627,quantum_dynamics,40.29
1628,byte_stream,46.21
1628,gold_trust,37.84
1628,solar_grid,59.75
1628,agro_futures,57.53
1628,metro_rail,25.52
1628,quantum_dynamics,40.87
1629,byte_stream,42.93
1629,gold_trust,37.84
1629,solar_grid,59.75
1629,agro_futures,57.53
1629,metro_rail,25.52
1629,quantum_dynamics,40.87
1630,byte_stream,46.4
1630,gold_trust,37.84
1630,solar_grid,59.75
1630,agro_futures,57.53
1630,metro_rail,25.52
1630,quantum_dynamics,
1631,,46.5
1631,gold_trust,37.84
1631,solar_grid,59.75
1631,agro_futures,57.53
1631,metro_rail,25.52
1631,quantum_dynamics,40.87
1632,byte_stream,46.75
1632,gold_trust,37.8
1632,solar_grid,60.87
1632,agro_futures,55.79
1632,metro_rail,26.14
1632,quantum_dynamics,41.89
1633,byte_stream,45.12
1633,gold_trust,37.8
1633,solar_grid,60.58
1633,agro_futures,56.32
1633,metro_rail,26.11
1633,quantum_dynamics,
1634,byte_stream,47.6
1634,gold_trust,37.62
1634,solar_grid,62.22
1634,agro_futures,54.76
1634,metro_rail,26.36
1634,quantum_dynamics,42.51
1635,byte_stream,47.93
1635,gold_trust,
1635,solar_grid,62.85
1635,,55.02
1635,metro_rail,27.16
1635,quantum_dynamics,43.93
1636,byte_stream,48.54
1636,gold_trust,37.63
1636,solar_grid,62.85
1636,agro_futures,55.02
1636,metro_rail,27.16
1636,quantum_dynamics,43.93
1637,byte_stream,47.47
1637,gold_trust,37.63
1637,solar_grid,62.85
1637,agro_futures,
1637,metro_rail,27.16
1637,quantum_dynamics,43.93
1638,byte_stream,46.81
1638,gold_trust,37.52
1638,solar_grid,63.93
1638,agro_futures,54.58
1638,metro_rail,27.08
1638,quantum_dynamics,43.61
1639,byte_stream,45.78
1639,gold_trust,37.44
1639,solar_grid,61.52
1639,agro_futures,55.7
1639,metro_rail,26.54
1639,quantum_dynamics,42.32
1640,byte_stream,45.38
1640,gold_trust,37.37
1640,solar_grid,295.3
1640,agro_futures,56.49
1640,metro_rail,26.52
1640,quantum_dynamics,42.3
1641,byte_stream,44.66
1641,gold_trust,37.16
1641,solar_grid,60.82
1641,agro_futures,54.54
1641,metro_rail,
1641,quantum_dynamics,41.74
1642,byte_stream,43.5
1642,gold_trust,37.04
1642,solar_grid,61.34
1642,agro_futures,55.33
1642,metro_rail,26.56
1642,quantum_dynamics,42.11
1643,byte_stream,43.44
1643,gold_trust,37.04
1643,solar_grid,61.34
1643,agro_futures,55.33
1643,metro_rail,26.56
1643,quantum_dynamics,42.11
1644,byte_stream,43.56
1644,gold_trust,37.04
1644,solar_grid,61.34
1644,agro_futures,55.33
1644,metro_rail,26.56
1644,quantum_dynamics,42.11
1645,byte_stream,45.67
1645,gold_trust,37.04
1645,solar_grid,61.34
1645,agro_futures,55.33
1645,metro_rail,26.56
1645,,42.11
1646,byte_stream,45.58
1646,gold_trust,36.26
1646,solar_grid,61.02
1646,agro_futures,53.98
1646,metro_rail,26.61
1646,quantum_dynamics,42.85
1647,byte_stream,46.39
1647,gold_trust,35.7
1647,solar_grid,60.54
1647,agro_futures,54.58
1647,metro_rail,26.7
1647,quantum_dynamics,43.0
1648,byte_stream,48.84
1648,gold_trust,35.77
1648,solar_grid,
1648,agro_futures,54.78
1648,metro_rail,27.1
1648,quantum_dynamics,43.98
1649,byte_stream,49.06
1649,gold_trust,35.82
1649,solar_grid,65.33
1649,agro_futures,57.07
1649,metro_rail,27.08
1649,quantum_dynamics,44.03
1650,byte_stream,48.74
1650,gold_trust,35.82
1650,solar_grid,65.33
1650,agro_futures,57.07
1650,metro_rail,27.08
1650,quantum_dynamics,44.03
1651,byte_stream,47.09
1651,gold_trust,35.82
1651,solar_grid,65.33
1651,agro_futures,57.07
1651,metro_rail,27.08
1651,quantum_dynamics,44.03
1652,byte_stream,45.08
1652,gold_trust,35.6
1652,solar_grid,62.23
1652,agro_futures,57.29
1652,metro_rail,26.77
1652,quantum_dynamics,43.04
1653,byte_stream,43.62
1653,gold_trust,35.46
1653,solar_grid,60.16
1653,agro_futures,53.74
1653,metro_rail,26.52
1653,quantum_dynamics,42.63
1654,byte_stream,45.63
1654,gold_trust,35.68
1654,solar_grid,60.59
1654,agro_futures,54.27
1654,metro_rail,26.4
1654,quantum_dynamics,42.57
1655,byte_stream,46.43
1655,gold_trust,35.07
1655,solar_grid,60.61
1655,agro_futures,50.97
1655,metro_rail,26.32
1655,quantum_dynamics,42.58
1656,byte_stream,
1656,gold_trust,35.02
1656,solar_grid,59.39
1656,agro_futures,44.31
1656,metro_rail,26.83
1656,quantum_dynamics,43.34
1657,byte_stream,47.83
1657,gold_trust,35.02
1657,solar_grid,59.39
1657,agro_futures,44.31
1657,metro_rail,26.83
1657,quantum_dynamics,43.34
1658,byte_stream,46.91
1658,gold_trust,35.02
1658,solar_grid,59.39
1658,agro_futures,44.31
1658,metro_rail,26.83
1658,quantum_dynamics,
1659,byte_stream,50.76
1659,gold_trust,35.16
1659,solar_grid,60.8
1659,agro_futures,
1659,metro_rail,26.6
1659,quantum_dynamics,42.99
1660,byte_stream,52.8
1660,gold_trust,35.17
1660,,61.86
1660,agro_futures,43.76
1660,metro_rail,27.34
1660,quantum_dynamics,44.33
1661,byte_stream,52.44
1661,gold_trust,34.95
1661,solar_grid,62.49
1661,agro_futures,
1661,metro_rail,27.5
1661,quantum_dynamics,45.03
1662,byte_stream,52.29
1662,gold_trust,35.23
1662,solar_grid,62.29
1662,agro_futures,42.22
1662,metro_rail,27.77
1662,quantum_dynamics,45.64
1663,byte_stream,51.28
1663,gold_trust,35.51
1663,solar_grid,61.37
1663,agro_futures,41.38
1663,metro_rail,27.51
1663,quantum_dynamics,44.79
1664,byte_stream,50.71
1664,gold_trust,35.51
1664,solar_grid,61.37
1664,agro_futures,41.38
1664,metro_rail,27.51
1664,quantum_dynamics,44.79
1665,byte_stream,51.04
1665,gold_trust,35.51
1665,solar_grid,61.37
1665,agro_futures,41.38
1665,metro_rail,27.51
1665,quantum_dynamics,44.79
1666,byte_stream,48.22
1666,gold_trust,35.34
1666,solar_grid,62.37
1666,agro_futures,42.54
1666,metro_rail,27.55
1666,quantum_dynamics,44.59
1667,byte_stream,47.95
1667,gold_trust,35.31
1667,solar_grid,61.88
1667,agro_futures,
1667,metro_rail,27.23
1667,quantum_dynamics,43.76
1668,byte_stream,51.76
1668,gold_trust,35.34
1668,solar_grid,65.68
1668,agro_futures,44.02
1668,metro_rail,27.94
1668,quantum_dynamics,45.54
1669,byte_stream,
1669,gold_trust,35.98
1669,solar_grid,70.61
1669,agro_futures,45.1
1669,metro_rail,28.28
1669,quantum_dynamics,46.03
1670,byte_stream,53.74
1670,gold_trust,36.24
1670,solar_grid,
1670,agro_futures,45.19
1670,metro_rail,28.68
1670,quantum_dynamics,46.89
1671,byte_stream,53.4
1671,gold_trust,36.24
1671,solar_grid,72.9
1671,agro_futures,45.19
1671,metro_rail,28.68
1671,quantum_dynamics,46.89
1672,byte_stream,52.68
1672,gold_trust,36.24
1672,,72.9
1672,agro_futures,45.19
1672,metro_rail,28.68
1672,quantum_dynamics,46.89
1673,byte_stream,52.63
1673,gold_trust,36.75
1673,solar_grid,71.01
1673,agro_futures,44.52
1673,metro_rail,28.6
1673,quantum_dynamics,46.81
1674,byte_stream,51.87
1674,gold_trust,36.79
1674,solar_grid,71.71
1674,agro_futures,43.36
1674,metro_rail,28.41
1674,quantum_dynamics,46.73
1675,byte_stream,51.57
1675,gold_trust,36.52
1675,solar_grid,69.66
1675,agro_futures,43.38
1675,metro_rail,28.85
1675,quantum_dynamics,47.94
1676,byte_stream,51.09
1676,gold_trust,37.15
1676,solar_grid,71.1
1676,agro_futures,44.17
1676,metro_rail,28.83
1676,quantum_dynamics,48.14
1677,byte_stream,52.57
1677,gold_trust,36.83
1677,solar_grid,72.22
1677,,44.75
1677,,28.79
1677,quantum_dynamics,47.9
1678,byte_stream,51.83
1678,gold_trust,36.83
1678,solar_grid,72.22
1678,agro_futures,44.75
1678,metro_rail,28.79
1678,quantum_dynamics,47.9
1679,byte_stream,52.32
1679,gold_trust,36.83
1679,solar_grid,72.22
1679,agro_futures,44.75
1679,metro_rail,28.79
1679,quantum_dynamics,47.9
1680,byte_stream,53.75
1680,gold_trust,37.11
1680,solar_grid,72.73
1680,agro_futures,
1680,metro_rail,28.75
1680,quantum_dynamics,47.85
1681,byte_stream,52.29
1681,gold_trust,37.26
1681,solar_grid,73.14
1681,agro_futures,45.14
1681,metro_rail,28.63
1681,quantum_dynamics,47.28
1682,byte_stream,54.06
1682,gold_trust,37.29
1682,solar_grid,76.79
1682,agro_futures,45.56
1682,metro_rail,29.24
1682,quantum_dynamics,
1683,byte_stream,54.08
1683,gold_trust,37.15
1683,solar_grid,74.91
1683,agro_futures,46.15
1683,metro_rail,29.22
1683,quantum_dynamics,48.37
1684,byte_stream,55.09
1684,gold_trust,37.33
1684,solar_grid,75.89
1684,agro_futures,46.92
1684,metro_rail,29.72
1684,quantum_dynamics,49.38
1685,byte_stream,55.13
1685,gold_trust,37.33
1685,solar_grid,75.89
1685,agro_futures,234.60000000000002
1685,metro_rail,29.72
1685,quantum_dynamics,49.38
1686,byte_stream,54.9
1686,gold_trust,37.33
1686,solar_grid,75.89
1686,agro_futures,46.92
1686,metro_rail,29.72
1686,quantum_dynamics,49.38
1687,byte_stream,54.49
1687,gold_trust,36.97
1687,solar_grid,75.73
1687,agro_futures,45.96
1687,metro_rail,29.84
1687,quantum_dynamics,49.68
1688,byte_stream,53.91
1688,gold_trust,36.79
1688,solar_grid,74.67
1688,agro_futures,44.81
1688,metro_rail,29.9
1688,quantum_dynamics,49.59
1689,byte_stream,52.68
1689,gold_trust,
1689,solar_grid,73.8
1689,agro_futures,45.1
1689,metro_rail,5.936
1689,quantum_dynamics,48.96
1690,byte_stream,52.4
1690,gold_trust,36.41
1690,solar_grid,74.69
1690,agro_futures,45.45
1690,metro_rail,29.75
1690,quantum_dynamics,49.07
1691,byte_stream,47.13
1691,gold_trust,36.24
1691,solar_grid,72.26
1691,agro_futures,45.91
1691,metro_rail,29.36
1691,quantum_dynamics,48.08
1692,byte_stream,47.78
1692,gold_trust,36.24
1692,solar_grid,72.26
1692,agro_futures,
1692,metro_rail,29.36
1692,quantum_dynamics,48.08
1693,byte_stream,48.61
1693,gold_trust,36.24
1693,solar_grid,72.26
1693,agro_futures,45.91
1693,metro_rail,29.36
1693,quantum_dynamics,48.08
1694,,48.31
1694,gold_trust,35.95
1694,solar_grid,70.99
1694,agro_futures,46.46
1694,metro_rail,28.74
1694,quantum_dynamics,46.86
1695,byte_stream,48.6
1695,gold_trust,36.21
1695,solar_grid,71.5
1695,agro_futures,48.4
1695,metro_rail,28.67
1695,quantum_dynamics,46.86
1696,byte_stream,48.3
1696,gold_trust,36.22
1696,solar_grid,72.97
1696,agro_futures,48.82
1696,metro_rail,28.75
1696,quantum_dynamics,47.05
1697,,48.76
1697,gold_trust,36.42
1697,solar_grid,74.54
1697,agro_futures,48.22
1697,metro_rail,
1697,quantum_dynamics,47.83
1698,,45.73
1698,gold_trust,35.97
1698,solar_grid,73.03
1698,agro_futures,49.04
1698,metro_rail,28.18
1698,quantum_dynamics,45.95
1699,byte_stream,45.24
1699,gold_trust,35.97
1699,solar_grid,73.03
1699,agro_futures,49.04
1699,metro_rail,28.18
1699,quantum_dynamics,45.95
1700,byte_stream,44.28
1700,gold_trust,359.7
1700,solar_grid,73.03
1700,agro_futures,49.04
1700,metro_rail,28.18
1700,quantum_dynamics,45.95
1701,byte_stream,45.82
1701,gold_trust,35.97
1701,solar_grid,72.17
1701,agro_futures,50.14
1701,metro_rail,27.99
1701,quantum_dynamics,45.48
1702,byte_stream,44.69
1702,gold_trust,35.7
1702,solar_grid,71.25
1702,agro_futures,49.85
1702,metro_rail,27.68
1702,quantum_dynamics,449.7
1703,byte_stream,45.26
1703,gold_trust,35.49
1703,solar_grid,71.84
1703,agro_futures,49.41
1703,metro_rail,27.46
1703,quantum_dynamics,44.72
1704,byte_stream,45.43
1704,gold_trust,35.14
1704,solar_grid,70.53
1704,agro_futures,48.27
1704,metro_rail,27.55
1704,quantum_dynamics,44.6
1705,byte_stream,45.08
1705,gold_trust,35.42
1705,solar_grid,68.87
1705,agro_futures,49.06
1705,metro_rail,27.25
1705,quantum_dynamics,44.02
1706,byte_stream,44.77
1706,gold_trust,35.42
1706,solar_grid,68.87
1706,agro_futures,49.06
1706,metro_rail,27.25
1706,quantum_dynamics,44.02
1707,byte_stream,45.12
1707,gold_trust,35.42
1707,solar_grid,68.87
1707,agro_futures,49.06
1707,metro_rail,27.25
1707,quantum_dynamics,44.02
1708,byte_stream,44.72
1708,gold_trust,35.42
1708,solar_grid,68.87
1708,agro_futures,49.06
1708,metro_rail,
1708,quantum_dynamics,44.02
1709,byte_stream,42.52
1709,gold_trust,35.22
1709,solar_grid,70.16
1709,agro_futures,49.92
1709,metro_rail,27.14
1709,quantum_dynamics,43.69
1710,,43.55
1710,gold_trust,35.52
1710,solar_grid,74.48
1710,agro_futures,49.63
1710,metro_rail,27.64
1710,quantum_dynamics,44.63
1711,byte_stream,43.63
1711,gold_trust,35.37
1711,solar_grid,74.76
1711,agro_futures,49.47
1711,metro_rail,27.82
1711,quantum_dynamics,44.89
1712,,48.27
1712,gold_trust,35.54
1712,solar_grid,74.79
1712,agro_futures,51.23
1712,metro_rail,28.25
1712,quantum_dynamics,45.84
1713,byte_stream,
1713,gold_trust,
1713,solar_grid,
1713,agro_futures,
1713,metro_rail,
1713,quantum_dynamics,
1714,byte_stream,49.14
1714,gold_trust,35.54
1714,solar_grid,74.79
1714,agro_futures,51.23
1714,metro_rail,28.25
1714,quantum_dynamics,45.84
1715,byte_stream,50.5
1715,gold_trust,35.79
1715,solar_grid,75.14
1715,agro_futures,
1715,metro_rail,28.54
1715,quantum_dynamics,
1716,byte_stream,45.82
1716,gold_trust,35.31
1716,solar_grid,73.83
1716,,52.0
1716,metro_rail,27.31
1716,quantum_dynamics,44.03
1717,byte_stream,45.69
1717,gold_trust,35.14
1717,solar_grid,75.27
1717,agro_futures,520.0
1717,metro_rail,27.4
1717,quantum_dynamics,44.35
1718,byte_stream,44.47
1718,gold_trust,34.48
1718,solar_grid,72.42
1718,agro_futures,49.69
1718,metro_rail,27.09
1718,quantum_dynamics,43.72
1719,byte_stream,44.63
1719,gold_trust,34.61
1719,solar_grid,72.4
1719,agro_futures,49.67
1719,metro_rail,26.9
1719,quantum_dynamics,43.33
1720,byte_stream,45.44
1720,gold_trust,34.61
1720,solar_grid,72.4
1720,agro_futures,49.67
1720,metro_rail,26.9
1720,quantum_dynamics,43.33
1721,byte_stream,43.84
1721,gold_trust,34.61
1721,solar_grid,72.4
1721,agro_futures,49.67
1721,metro_rail,26.9
1721,quantum_dynamics,43.33
1722,byte_stream,44.12
1722,gold_trust,34.5
1722,,71.81
1722,agro_futures,49.74
1722,metro_rail,27.08
1722,quantum_dynamics,43.65
1723,byte_stream,42.64
1723,gold_trust,34.36
1723,solar_grid,69.57
1723,agro_futures,50.75
1723,metro_rail,26.78
1723,,43.24
1724,byte_stream,41.87
1724,gold_trust,34.45
1724,solar_grid,69.2
1724,agro_futures,50.27
1724,metro_rail,26.32
1724,quantum_dynamics,42.46
1725,,43.82
1725,gold_trust,34.56
1725,solar_grid,66.85
1725,agro_futures,50.47
1725,metro_rail,26.1
1725,quantum_dynamics,41.88
1726,byte_stream,43.56
1726,gold_trust,34.04
1726,solar_grid,64.49
1726,agro_futures,49.63
1726,metro_rail,25.65
1726,quantum_dynamics,41.13
1727,byte_stream,42.75
1727,gold_trust,34.04
1727,solar_grid,64.49
1727,agro_futures,496.3
1727,metro_rail,25.65
1727,quantum_dynamics,41.13
1728,byte_stream,42.44
1728,gold_trust,34.04
1728,solar_grid,64.49
1728,agro_futures,49.63
1728,,25.65
1728,quantum_dynamics,41.13
1729,byte_stream,43.39
1729,gold_trust,33.58
1729,solar_grid,63.34
1729,agro_futures,48.86
1729,metro_rail,25.38
1729,quantum_dynamics,40.88
1730,byte_stream,43.14
1730,gold_trust,33.64
1730,solar_grid,64.68
1730,agro_futures,48.95
1730,,25.33
1730,quantum_dynamics,40.98
1731,byte_stream,43.85
1731,gold_trust,34.33
1731,solar_grid,65.88
1731,agro_futures,
1731,metro_rail,25.83
1731,quantum_dynamics,41.82
1732,byte_stream,44.18
1732,gold_trust,34.31
1732,solar_grid,62.42
1732,agro_futures,49.1
1732,metro_rail,25.28
1732,quantum_dynamics,40.64
1733,byte_stream,43.86
1733,gold_trust,171.9
1733,solar_grid,62.71
1733,agro_futures,49.69
1733,metro_rail,24.9
1733,quantum_dynamics,40.02
1734,byte_stream,43.59
1734,gold_trust,34.38
1734,solar_grid,62.71
1734,agro_futures,49.69
1734,metro_rail,24.9
1734,quantum_dynamics,40.02
1735,byte_stream,42.99
1735,gold_trust,34.38
1735,solar_grid,62.71
1735,agro_futures,49.69
1735,metro_rail,24.9
1735,quantum_dynamics,40.02
1736,byte_stream,44.3
1736,gold_trust,34.99
1736,,64.21
1736,agro_futures,49.92
1736,metro_rail,25.54
1736,quantum_dynamics,40.93
1737,byte_stream,45.91
1737,gold_trust,35.58
1737,solar_grid,66.76
1737,agro_futures,50.09
1737,metro_rail,26.33
1737,quantum_dynamics,42.3
1738,byte_stream,45.51
1738,gold_trust,35.38
1738,solar_grid,64.12
1738,agro_futures,50.16
1738,metro_rail,26.27
1738,quantum_dynamics,42.19
1739,byte_stream,45.05
1739,gold_trust,35.38
1739,solar_grid,62.31
1739,agro_futures,49.54
1739,metro_rail,26.0
1739,quantum_dynamics,41.91
1740,byte_stream,44.12
1740,gold_trust,35.14
1740,solar_grid,60.53
1740,agro_futures,50.11
1740,metro_rail,
1740,quantum_dynamics,40.31
1741,byte_stream,43.83
1741,gold_trust,35.14
1741,solar_grid,60.53
1741,agro_futures,50.11
1741,metro_rail,25.28
1741,quantum_dynamics,40.31
1742,byte_stream,43.9
1742,gold_trust,35.14
1742,solar_grid,60.53
1742,agro_futures,50.11
1742,metro_rail,25.28
1742,quantum_dynamics,40.31
1743,byte_stream,43.21
1743,,34.44
1743,solar_grid,59.71
1743,agro_futures,51.21
1743,metro_rail,25.09
1743,quantum_dynamics,39.9
1744,byte_stream,43.01
1744,gold_trust,34.66
1744,solar_grid,58.89
1744,agro_futures,50.82
1744,metro_rail,24.92
1744,quantum_dynamics,39.46
1745,byte_stream,43.25
1745,gold_trust,34.49
1745,solar_grid,56.99
1745,agro_futures,50.82
1745,metro_rail,24.84
1745,quantum_dynamics,39.42
1746,byte_stream,43.75
1746,gold_trust,34.48
1746,solar_grid,57.57
1746,agro_futures,51.17
1746,metro_rail,25.49
1746,quantum_dynamics,
1747,byte_stream,43.31
1747,gold_trust,33.9
1747,solar_grid,56.23
1747,agro_futures,50.58
1747,metro_rail,24.88
1747,quantum_dynamics,39.06
1748,byte_stream,43.04
1748,gold_trust,33.9
1748,solar_grid,56.23
1748,agro_futures,50.58
1748,metro_rail,24.88
1748,quantum_dynamics,39.06
1749,byte_stream,43.5
1749,gold_trust,33.9
1749,solar_grid,56.23
1749,,
1749,metro_rail,24.88
1749,quantum_dynamics,39.06
1750,byte_stream,44.13
1750,,34.21
1750,solar_grid,56.75
1750,agro_futures,50.13
1750,metro_rail,25.54
1750,quantum_dynamics,40.4
1751,byte_stream,43.64
1751,gold_trust,34.04
1751,solar_grid,58.32
1751,agro_futures,49.94
1751,metro_rail,25.83
1751,quantum_dynamics,40.77
1752,byte_stream,43.21
1752,gold_trust,33.6
1752,solar_grid,56.31
1752,agro_futures,49.74
1752,metro_rail,25.66
1752,,40.42
1753,byte_stream,430.09999999999997
1753,gold_trust,33.65
1753,solar_grid,55.69
1753,agro_futures,50.16
1753,metro_rail,
1753,quantum_dynamics,40.17
1754,byte_stream,43.28
1754,gold_trust,34.05
1754,solar_grid,56.7
1754,agro_futures,50.18
1754,metro_rail,26.06
1754,quantum_dynamics,41.1
1755,byte_stream,43.36
1755,gold_trust,
1755,solar_grid,56.7
1755,agro_futures,50.18
1755,metro_rail,26.06
1755,quantum_dynamics,41.1
1756,byte_stream,44.17
1756,gold_trust,34.05
1756,solar_grid,56.7
1756,agro_futures,50.18
1756,metro_rail,26.06
1756,quantum_dynamics,41.1
1757,byte_stream,43.67
1757,gold_trust,34.01
1757,solar_grid,55.26
1757,agro_futures,49.98
1757,metro_rail,26.37
1757,quantum_dynamics,41.45
1758,byte_stream,45.36
1758,gold_trust,34.09
1758,solar_grid,57.92
1758,agro_futures,50.33
1758,metro_rail,26.8
1758,quantum_dynamics,42.38
1759,byte_stream,46.89
1759,gold_trust,34.32
1759,solar_grid,60.34
1759,agro_futures,50.24
1759,metro_rail,26.6
1759,quantum_dynamics,41.52
1760,byte_stream,45.79
1760,gold_trust,34.24
1760,solar_grid,60.99
1760,agro_futures,50.03
1760,metro_rail,26.44
1760,quantum_dynamics,40.84
1761,byte_stream,46.49
1761,gold_trust,33.82
1761,solar_grid,60.39
1761,agro_futures,49.92
1761,metro_rail,27.09
1761,quantum_dynamics,42.02
1762,byte_stream,47.0
1762,,33.82
1762,solar_grid,60.39
1762,agro_futures,49.92
1762,metro_rail,27.09
1762,quantum_dynamics,42.02
1763,byte_stream,46.58
1763,gold_trust,33.82
1763,solar_grid,60.39
1763,agro_futures,49.92
1763,metro_rail,27.09
1763,quantum_dynamics,42.02
1764,byte_stream,46.27
1764,gold_trust,33.73
1764,solar_grid,60.73
1764,agro_futures,50.71
1764,metro_rail,26.89
1764,quantum_dynamics,41.58
1765,byte_stream,46.24
1765,gold_trust,33.92
1765,solar_grid,12.226
1765,agro_futures,51.17
1765,metro_rail,26.78
1765,quantum_dynamics,41.22
1766,byte_stream,
1766,gold_trust,
1766,solar_grid,
1766,agro_futures,
1766,metro_rail,
1766,quantum_dynamics,
1767,byte_stream,45.62
1767,gold_trust,33.53
1767,solar_grid,61.78
1767,agro_futures,49.81
1767,metro_rail,25.83
1767,quantum_dynamics,39.14
1768,byte_stream,47.74
1768,gold_trust,34.47
1768,solar_grid,61.65
1768,agro_futures,49.94
1768,metro_rail,26.18
1768,quantum_dynamics,39.64
1769,,48.04
1769,gold_trust,34.47
1769,solar_grid,61.65
1769,agro_futures,49.94
1769,metro_rail,26.18
1769,quantum_dynamics,39.64
1770,byte_stream,47.24
1770,gold_trust,34.47
1770,solar_grid,61.65
1770,agro_futures,49.94
1770,metro_rail,26.18
1770,quantum_dynamics,39.64
1771,byte_stream,46.51
1771,gold_trust,34.55
1771,solar_grid,60.84
1771,agro_futures,49.56
1771,metro_rail,26.44
1771,quantum_dynamics,39.98
1772,byte_stream,41.85
1772,gold_trust,35.28
1772,solar_grid,62.95
1772,agro_futures,
1772,metro_rail,26.58
1772,,40.18
1773,byte_stream,
1773,gold_trust,
1773,solar_grid,
1773,agro_futures,
1773,metro_rail,
1773,quantum_dynamics,
1774,byte_stream,39.7
1774,gold_trust,36.05
1774,solar_grid,69.42
1774,agro_futures,47.91
1774,metro_rail,27.47
1774,quantum_dynamics,42.06
1775,byte_stream,38.45
1775,gold_trust,36.38
1775,solar_grid,67.71
1775,agro_futures,48.26
1775,metro_rail,27.73
1775,quantum_dynamics,42.85
1776,byte_stream,37.92
1776,gold_trust,36.38
1776,solar_grid,67.71
1776,agro_futures,48.26
1776,metro_rail,27.73
1776,quantum_dynamics,42.85
1777,byte_stream,36.92
1777,gold_trust,36.38
1777,solar_grid,67.71
1777,agro_futures,48.26
1777,metro_rail,27.73
1777,quantum_dynamics,42.85
1778,byte_stream,37.51
1778,gold_trust,36.53
1778,solar_grid,67.52
1778,agro_futures,48.2
1778,metro_rail,27.48
1778,quantum_dynamics,42.37
1779,byte_stream,38.11
1779,gold_trust,36.53
1779,solar_grid,69.71
1779,,48.9
1779,metro_rail,27.72
1779,quantum_dynamics,42.99
1780,byte_stream,37.63
1780,gold_trust,36.51
1780,solar_grid,69.47
1780,agro_futures,48.79
1780,metro_rail,27.49
1780,quantum_dynamics,42.32
1781,byte_stream,37.67
1781,gold_trust,36.25
1781,solar_grid,70.39
1781,agro_futures,48.95
1781,metro_rail,27.41
1781,quantum_dynamics,42.18
1782,byte_stream,37.69
1782,gold_trust,36.07
1782,solar_grid,69.44
1782,agro_futures,48.97
1782,metro_rail,137.7
1782,quantum_dynamics,42.18
1783,byte_stream,37.72
1783,gold_trust,36.07
1783,solar_grid,69.44
1783,agro_futures,48.97
1783,metro_rail,27.54
1783,quantum_dynamics,42.18
1784,byte_stream,36.78
1784,gold_trust,36.07
1784,solar_grid,69.44
1784,agro_futures,48.97
1784,metro_rail,27.54
1784,quantum_dynamics,42.18
1785,byte_stream,35.64
1785,gold_trust,35.76
1785,solar_grid,68.85
1785,agro_futures,48.37
1785,metro_rail,27.43
1785,quantum_dynamics,41.72
1786,byte_stream,36.55
1786,gold_trust,35.77
1786,solar_grid,69.43
1786,agro_futures,48.16
1786,,27.8
1786,quantum_dynamics,42.29
1787,byte_stream,37.5
1787,gold_trust,35.89
1787,solar_grid,70.16
1787,agro_futures,
1787,metro_rail,27.97
1787,quantum_dynamics,4.271
1788,byte_stream,37.48
1788,gold_trust,35.89
1788,solar_grid,70.16
1788,agro_futures,48.64
1788,metro_rail,27.97
1788,quantum_dynamics,42.71
1789,byte_stream,37.3
1789,gold_trust,36.06
1789,solar_grid,70.28
1789,agro_futures,48.99
1789,metro_rail,27.96
1789,quantum_dynamics,42.49
1790,byte_stream,37.17
1790,gold_trust,36.06
1790,solar_grid,70.28
1790,agro_futures,48.99
1790,metro_rail,27.96
1790,quantum_dynamics,42.49
1791,byte_stream,37.12
1791,gold_trust,36.06
1791,solar_grid,70.28
1791,agro_futures,244.95000000000002
1791,metro_rail,27.96
1791,quantum_dynamics,42.49
1792,byte_stream,36.61
1792,gold_trust,35.78
1792,solar_grid,68.55
1792,agro_futures,49.04
1792,metro_rail,27.53
1792,quantum_dynamics,41.82
1793,byte_stream,37.12
1793,gold_trust,35.95
1793,solar_grid,67.72
1793,agro_futures,48.82
1793,metro_rail,27.48
1793,quantum_dynamics,41.57
1794,byte_stream,38.76
1794,gold_trust,35.9
1794,solar_grid,71.55
1794,agro_futures,48.55
1794,metro_rail,28.33
1794,quantum_dynamics,43.4
1795,byte_stream,38.3
1795,gold_trust,37.32
1795,solar_grid,69.43
1795,agro_futures,47.67
1795,metro_rail,28.31
1795,,43.46
1796,byte_stream,38.58
1796,gold_trust,37.2
1796,solar_grid,71.36
1796,agro_futures,46.57
1796,,28.28
1796,quantum_dynamics,43.38
1797,byte_stream,
1797,gold_trust,37.2
1797,solar_grid,71.36
1797,agro_futures,46.57
1797,metro_rail,141.4
1797,quantum_dynamics,43.38
1798,byte_stream,38.67
1798,gold_trust,37.2
1798,solar_grid,
1798,agro_futures,46.57
1798,metro_rail,2.8280000000000003
1798,quantum_dynamics,43.38
1799,byte_stream,38.32
1799,gold_trust,36.62
1799,solar_grid,69.77
1799,agro_futures,46.11
1799,metro_rail,27.77
1799,quantum_dynamics,42.54
1800,byte_stream,38.58
1800,gold_trust,36.64
1800,solar_grid,336.9
1800,agro_futures,45.87
1800,metro_rail,27.37
1800,quantum_dynamics,41.69
1801,byte_stream,38.03
1801,gold_trust,36.97
1801,solar_grid,66.84
1801,agro_futures,46.04
1801,metro_rail,27.32
1801,quantum_dynamics,41.47
1802,byte_stream,38.9
1802,gold_trust,37.04
1802,solar_grid,67.38
1802,agro_futures,46.35
1802,metro_rail,27.52
1802,quantum_dynamics,41.94
1803,byte_stream,38.68
1803,gold_trust,37.23
1803,solar_grid,66.98
1803,agro_futures,46.55
1803,metro_rail,27.32
1803,quantum_dynamics,41.65
1804,byte_stream,38.67
1804,gold_trust,37.23
1804,solar_grid,66.98
1804,agro_futures,46.55
1804,metro_rail,27.32
1804,quantum_dynamics,41.65
1805,byte_stream,38.61
1805,gold_trust,37.23
1805,solar_grid,66.98
1805,agro_futures,46.55
1805,metro_rail,27.32
1805,quantum_dynamics,41.65
1806,byte_stream,38.84
1806,gold_trust,36.85
1806,solar_grid,67.7
1806,agro_futures,47.03
1806,metro_rail,27.71
1806,quantum_dynamics,42.17
1807,byte_stream,40.14
1807,gold_trust,37.53
1807,solar_grid,69.14
1807,agro_futures,47.21
1807,metro_rail,27.91
1807,quantum_dynamics,42.6
1808,byte_stream,40.22
1808,gold_trust,37.39
1808,solar_grid,70.48
1808,agro_futures,46.86
1808,metro_rail,27.74
1808,quantum_dynamics,42.28
1809,byte_stream,39.2
1809,gold_trust,36.76
1809,solar_grid,68.36
1809,agro_futures,47.93
1809,metro_rail,135.25
1809,quantum_dynamics,40.91
1810,byte_stream,37.58
1810,gold_trust,37.01
1810,solar_grid,66.82
1810,agro_futures,47.89
1810,metro_rail,26.75
1810,quantum_dynamics,40.51
1811,byte_stream,37.91
1811,gold_trust,37.01
1811,solar_grid,66.82
1811,agro_futures,47.89
1811,,26.75
1811,,40.51
1812,byte_stream,37.83
1812,gold_trust,37.01
1812,solar_grid,66.82
1812,agro_futures,47.89
1812,metro_rail,26.75
1812,quantum_dynamics,40.51
1813,byte_stream,37.11
1813,gold_trust,36.96
1813,solar_grid,65.94
1813,agro_futures,47.47
1813,metro_rail,26.51
1813,quantum_dynamics,39.91
1814,byte_stream,38.16
1814,gold_trust,37.53
1814,solar_grid,65.44
1814,agro_futures,47.82
1814,metro_rail,26.54
1814,quantum_dynamics,39.92
1815,byte_stream,37.96
1815,gold_trust,37.53
1815,solar_grid,66.81
1815,agro_futures,48.57
1815,metro_rail,26.93
1815,quantum_dynamics,40.53
1816,byte_stream,37.99
1816,gold_trust,36.91
1816,solar_grid,64.63
1816,agro_futures,48.44
1816,metro_rail,26.54
1816,quantum_dynamics,39.65
1817,byte_stream,
1817,,37.09
1817,solar_grid,63.78
1817,agro_futures,48.86
1817,metro_rail,26.7
1817,quantum_dynamics,39.73
1818,byte_stream,38.03
1818,gold_trust,37.09
1818,solar_grid,63.78
1818,agro_futures,48.86
1818,metro_rail,26.7
1818,,39.73
1819,byte_stream,38.02
1819,gold_trust,37.09
1819,solar_grid,63.78
1819,agro_futures,48.86
1819,metro_rail,26.7
1819,quantum_dynamics,39.73
1820,byte_stream,38.19
1820,gold_trust,37.09
1820,solar_grid,63.78
1820,agro_futures,48.86
1820,metro_rail,26.7
1820,quantum_dynamics,39.73
1821,byte_stream,37.74
1821,gold_trust,37.48
1821,solar_grid,62.26
1821,agro_futures,49.48
1821,metro_rail,26.59
1821,quantum_dynamics,39.18
1822,byte_stream,37.37
1822,gold_trust,37.33
1822,solar_grid,61.2
1822,agro_futures,50.07
1822,metro_rail,26.27
1822,quantum_dynamics,38.65
1823,byte_stream,37.57
1823,gold_trust,37.54
1823,solar_grid,62.26
1823,agro_futures,49.83
1823,metro_rail,26.73
1823,quantum_dynamics,39.65
1824,byte_stream,37.48
1824,gold_trust,37.55
1824,solar_grid,62.14
1824,agro_futures,49.76
1824,metro_rail,26.66
1824,quantum_dynamics,39.61
1825,byte_stream,37.35
1825,,37.55
1825,solar_grid,62.14
1825,agro_futures,49.76
1825,metro_rail,26.66
1825,quantum_dynamics,39.61
1826,byte_stream,
1826,gold_trust,37.55
1826,solar_grid,62.14
1826,agro_futures,49.76
1826,,
1826,quantum_dynamics,39.61
1827,byte_stream,37.67
1827,gold_trust,37.55
1827,solar_grid,62.14
1827,agro_futures,49.76
1827,metro_rail,26.66
1827,quantum_dynamics,39.61
1828,byte_stream,37.65
1828,gold_trust,37.95
1828,solar_grid,61.49
1828,,49.17
1828,metro_rail,2.656
1828,quantum_dynamics,39.31
1829,byte_stream,38.07
1829,gold_trust,38.22
1829,solar_grid,62.45
1829,agro_futures,47.94
1829,metro_rail,26.76
1829,quantum_dynamics,39.58
1830,byte_stream,38.01
1830,gold_trust,37.84
1830,solar_grid,60.41
1830,agro_futures,47.87
1830,metro_rail,26.44
1830,quantum_dynamics,39.0
1831,byte_stream,38.27
1831,gold_trust,38.44
1831,solar_grid,62.93
1831,agro_futures,47.96
1831,metro_rail,27.05
1831,quantum_dynamics,40.0
1832,byte_stream,38.27
1832,gold_trust,38.44
1832,solar_grid,62.93
1832,agro_futures,47.96
1832,metro_rail,27.05
1832,quantum_dynamics,40.0
1833,byte_stream,38.58
1833,gold_trust,38.44
1833,solar_grid,62.93
1833,agro_futures,47.96
1833,metro_rail,27.05
1833,quantum_dynamics,40.0
1834,byte_stream,38.82
1834,gold_trust,38.61
1834,solar_grid,63.65
1834,agro_futures,
1834,metro_rail,27.03
1834,quantum_dynamics,40.25
1835,byte_stream,39.38
1835,gold_trust,
1835,solar_grid,65.63
1835,agro_futures,4.804
1835,metro_rail,27.22
1835,quantum_dynamics,40.66
1836,byte_stream,40.49
1836,gold_trust,38.63
1836,solar_grid,68.33
1836,agro_futures,48.11
1836,metro_rail,27.57
1836,quantum_dynamics,41.37
1837,byte_stream,42.6
1837,gold_trust,39.04
1837,solar_grid,69.59
1837,agro_futures,49.21
1837,metro_rail,27.66
1837,quantum_dynamics,41.63
1838,byte_stream,44.94
1838,gold_trust,39.51
1838,solar_grid,69.64
1838,agro_futures,49.5
1838,metro_rail,27.77
1838,quantum_dynamics,41.93
1839,byte_stream,47.35
1839,gold_trust,39.51
1839,solar_grid,69.64
1839,,49.5
1839,metro_rail,27.77
1839,quantum_dynamics,41.93
1840,byte_stream,47.14
1840,gold_trust,39.51
1840,solar_grid,69.64
1840,agro_futures,49.5
1840,metro_rail,27.77
1840,quantum_dynamics,41.93
1841,byte_stream,47.79
1841,gold_trust,39.51
1841,solar_grid,69.64
1841,agro_futures,49.5
1841,metro_rail,27.77
1841,quantum_dynamics,41.93
1842,byte_stream,47.77
1842,gold_trust,39.27
1842,solar_grid,70.11
1842,agro_futures,50.25
1842,metro_rail,27.71
1842,quantum_dynamics,41.99
1843,byte_stream,46.7
1843,gold_trust,39.21
1843,solar_grid,69.68
1843,agro_futures,49.96
1843,metro_rail,27.28
1843,quantum_dynamics,41.47
1844,byte_stream,
1844,gold_trust,39.55
1844,solar_grid,66.42
1844,agro_futures,49.67
1844,metro_rail,
1844,quantum_dynamics,41.07
1845,byte_stream,51.19
1845,gold_trust,39.64
1845,solar_grid,67.7
1845,agro_futures,49.59
1845,metro_rail,27.59
1845,quantum_dynamics,42.16
1846,byte_stream,51.42
1846,gold_trust,39.64
1846,solar_grid,67.7
1846,agro_futures,49.59
1846,metro_rail,27.59
1846,quantum_dynamics,42.16
1847,byte_stream,51.29
1847,gold_trust,39.64
1847,solar_grid,67.7
1847,agro_futures,49.59
1847,metro_rail,27.59
1847,quantum_dynamics,42.16
1848,byte_stream,51.77
1848,gold_trust,39.65
1848,solar_grid,69.53
1848,agro_futures,48.86
1848,metro_rail,27.91
1848,quantum_dynamics,43.01
1849,byte_stream,51.1
1849,gold_trust,39.79
1849,solar_grid,68.74
1849,agro_futures,49.65
1849,metro_rail,27.9
1849,,42.89
1850,byte_stream,52.19
1850,gold_trust,39.94
1850,solar_grid,67.47
1850,agro_futures,49.48
1850,metro_rail,27.89
1850,quantum_dynamics,42.82
1851,byte_stream,51.99
1851,gold_trust,39.68
1851,solar_grid,67.71
1851,agro_futures,50.05
1851,metro_rail,28.2
1851,quantum_dynamics,43.57
1852,byte_stream,52.1
1852,gold_trust,39.67
1852,solar_grid,68.28
1852,agro_futures,50.09
1852,metro_rail,28.27
1852,quantum_dynamics,43.98
1853,byte_stream,51.99
1853,gold_trust,39.67
1853,solar_grid,68.28
1853,agro_futures,50.09
1853,metro_rail,28.27
1853,quantum_dynamics,43.98
1854,byte_stream,53.67
1854,gold_trust,39.67
1854,solar_grid,
1854,agro_futures,50.09
1854,metro_rail,28.27
1854,quantum_dynamics,
1855,byte_stream,51.56
1855,gold_trust,39.53
1855,solar_grid,66.64
1855,,50.14
1855,metro_rail,27.9
1855,quantum_dynamics,43.12
1856,byte_stream,52.23
1856,gold_trust,39.67
1856,solar_grid,68.84
1856,agro_futures,49.85
1856,,28.31
1856,quantum_dynamics,43.84
1857,byte_stream,53.55
1857,gold_trust,39.94
1857,solar_grid,70.4
1857,agro_futures,49.94
1857,metro_rail,28.61
1857,quantum_dynamics,44.72
1858,byte_stream,52.98
1858,gold_trust,39.7
1858,,69.6
1858,agro_futures,49.52
1858,metro_rail,29.03
1858,quantum_dynamics,
1859,byte_stream,52.93
1859,gold_trust,38.58
1859,solar_grid,67.93
1859,agro_futures,49.69
1859,metro_rail,28.73
1859,quantum_dynamics,45.44
1860,byte_stream,52.67
1860,gold_trust,38.58
1860,solar_grid,67.93
1860,agro_futures,49.69
1860,metro_rail,28.73
1860,quantum_dynamics,45.44
1861,byte_stream,51.82
1861,gold_trust,38.58
1861,solar_grid,67.93
1861,agro_futures,49.69
1861,metro_rail,28.73
1861,quantum_dynamics,45.44
1862,byte_stream,51.38
1862,gold_trust,38.64
1862,solar_grid,67.44
1862,agro_futures,9.96
1862,metro_rail,28.55
1862,quantum_dynamics,44.99
1863,,52.52
1863,gold_trust,38.75
1863,solar_grid,67.24
1863,agro_futures,49.43
1863,metro_rail,28.92
1863,quantum_dynamics,45.84
1864,byte_stream,51.78
1864,gold_trust,38.87
1864,solar_grid,66.47
1864,agro_futures,49.76
1864,metro_rail,28.6
1864,quantum_dynamics,45.08
1865,byte_stream,49.25
1865,gold_trust,38.62
1865,solar_grid,65.09
1865,agro_futures,49.19
1865,metro_rail,28.34
1865,quantum_dynamics,44.62
1866,byte_stream,48.87
1866,gold_trust,38.54
1866,solar_grid,64.65
1866,agro_futures,49.91
1866,metro_rail,28.41
1866,quantum_dynamics,44.35
1867,byte_stream,49.37
1867,gold_trust,38.54
1867,solar_grid,64.65
1867,agro_futures,49.91
1867,metro_rail,28.41
1867,quantum_dynamics,
1868,byte_stream,49.18
1868,gold_trust,38.54
1868,solar_grid,64.65
1868,agro_futures,49.91
1868,metro_rail,28.41
1868,quantum_dynamics,44.35
1869,byte_stream,49.23
1869,gold_trust,38.31
1869,solar_grid,13.134
1869,agro_futures,50.24
1869,metro_rail,28.73
1869,quantum_dynamics,45.0
1870,byte_stream,50.16
1870,gold_trust,38.35
1870,solar_grid,65.2
1870,agro_futures,50.03
1870,metro_rail,28.72
1870,quantum_dynamics,
1871,byte_stream,54.87
1871,gold_trust,37.94
1871,solar_grid,
1871,agro_futures,49.59
1871,metro_rail,28.8
1871,quantum_dynamics,45.68
1872,byte_stream,53.33
1872,,38.07
1872,solar_grid,64.94
1872,agro_futures,49.58
1872,metro_rail,28.41
1872,quantum_dynamics,44.87
1873,byte_stream,55.45
1873,gold_trust,38.04
1873,solar_grid,64.49
1873,agro_futures,
1873,metro_rail,28.33
1873,quantum_dynamics,44.61
1874,byte_stream,55.62
1874,gold_trust,38.04
1874,solar_grid,64.49
1874,agro_futures,49.7
1874,metro_rail,28.33
1874,quantum_dynamics,44.61
1875,byte_stream,54.92
1875,gold_trust,38.04
1875,solar_grid,64.49
1875,,49.7
1875,metro_rail,28.33
1875,quantum_dynamics,44.61
1876,byte_stream,56.05
1876,,38.04
1876,solar_grid,64.49
1876,agro_futures,49.7
1876,metro_rail,28.33
1876,quantum_dynamics,44.61
1877,byte_stream,55.16
1877,gold_trust,37.88
1877,,63.12
1877,agro_futures,49.91
1877,metro_rail,27.76
1877,quantum_dynamics,43.49
1878,byte_stream,54.6
1878,gold_trust,37.86
1878,solar_grid,63.12
1878,agro_futures,49.43
1878,metro_rail,27.72
1878,quantum_dynamics,43.55
1879,byte_stream,54.06
1879,gold_trust,37.56
1879,solar_grid,63.6
1879,agro_futures,48.42
1879,metro_rail,27.86
1879,quantum_dynamics,43.86
1880,byte_stream,52.37
1880,gold_trust,37.36
1880,solar_grid,61.84
1880,agro_futures,47.67
1880,metro_rail,27.57
1880,quantum_dynamics,43.12
1881,byte_stream,52.32
1881,gold_trust,37.36
1881,solar_grid,61.84
1881,agro_futures,47.67
1881,metro_rail,27.57
1881,quantum_dynamics,43.12
1882,byte_stream,53.19
1882,gold_trust,
1882,solar_grid,61.84
1882,agro_futures,47.67
1882,metro_rail,27.57
1882,quantum_dynamics,43.12
1883,byte_stream,53.1
1883,gold_trust,37.52
1883,solar_grid,63.23
1883,agro_futures,47.14
1883,metro_rail,27.65
1883,quantum_dynamics,43.4
1884,byte_stream,
1884,gold_trust,
1884,solar_grid,
1884,agro_futures,
1884,,
1884,quantum_dynamics,
1885,byte_stream,53.38
1885,gold_trust,37.94
1885,solar_grid,65.22
1885,agro_futures,
1885,metro_rail,27.44
1885,quantum_dynamics,43.07
1886,byte_stream,52.99
1886,gold_trust,37.84
1886,solar_grid,64.96
1886,agro_futures,46.77
1886,metro_rail,27.65
1886,quantum_dynamics,43.38
1887,byte_stream,50.48
1887,gold_trust,38.13
1887,solar_grid,66.62
1887,agro_futures,47.32
1887,metro_rail,28.09
1887,quantum_dynamics,44.24
1888,byte_stream,50.46
1888,gold_trust,38.13
1888,solar_grid,66.62
1888,agro_futures,47.32
1888,metro_rail,28.09
1888,quantum_dynamics,44.24
1889,byte_stream,50.65
1889,gold_trust,
1889,solar_grid,66.62
1889,agro_futures,47.32
1889,metro_rail,28.09
1889,quantum_dynamics,
1890,byte_stream,50.63
1890,gold_trust,38.13
1890,solar_grid,67.92
1890,agro_futures,47.27
1890,metro_rail,28.11
1890,quantum_dynamics,44.19
1891,byte_stream,50.16
1891,gold_trust,37.42
1891,solar_grid,67.12
1891,agro_futures,47.08
1891,metro_rail,27.68
1891,quantum_dynamics,43.64
1892,byte_stream,49.03
1892,gold_trust,37.39
1892,solar_grid,
1892,agro_futures,46.53
1892,metro_rail,27.72
1892,quantum_dynamics,43.81
1893,byte_stream,45.97
1893,gold_trust,37.72
1893,solar_grid,65.62
1893,agro_futures,45.36
1893,metro_rail,27.21
1893,quantum_dynamics,42.91
1894,byte_stream,45.57
1894,gold_trust,38.39
1894,solar_grid,63.95
1894,agro_futures,45.78
1894,metro_rail,26.82
1894,quantum_dynamics,42.16
1895,byte_stream,46.58
1895,gold_trust,38.39
1895,solar_grid,63.95
1895,agro_futures,45.78
1895,metro_rail,26.82
1895,quantum_dynamics,42.16
1896,byte_stream,50.03
1896,gold_trust,38.39
1896,solar_grid,63.95
1896,agro_futures,45.78
1896,metro_rail,26.82
1896,quantum_dynamics,42.16
1897,byte_stream,54.62
1897,gold_trust,39.4
1897,solar_grid,64.01
1897,agro_futures,45.8
1897,metro_rail,26.78
1897,quantum_dynamics,42.34
1898,byte_stream,55.86
1898,gold_trust,39.29
1898,solar_grid,64.42
1898,agro_futures,
1898,metro_rail,27.22
1898,quantum_dynamics,43.25
1899,byte_stream,55.03
1899,gold_trust,39.71
1899,solar_grid,62.39
1899,agro_futures,
1899,metro_rail,27.03
1899,quantum_dynamics,43.27
1900,byte_stream,56.55
1900,gold_trust,39.54
1900,solar_grid,61.55
1900,agro_futures,46.4
1900,metro_rail,27.5
1900,quantum_dynamics,44.34
1901,byte_stream,61.91
1901,gold_trust,40.57
1901,solar_grid,59.13
1901,agro_futures,46.51
1901,metro_rail,27.2
1901,quantum_dynamics,44.02
1902,byte_stream,60.87
1902,gold_trust,40.57
1902,,59.13
1902,agro_futures,46.51
1902,metro_rail,
1902,quantum_dynamics,44.02
1903,byte_stream,63.29
1903,gold_trust,40.57
1903,solar_grid,59.13
1903,agro_futures,46.51
1903,metro_rail,27.2
1903,quantum_dynamics,44.02
1904,byte_stream,62.68
1904,gold_trust,40.76
1904,,60.07
1904,agro_futures,46.42
1904,metro_rail,27.44
1904,quantum_dynamics,44.19
1905,byte_stream,63.6
1905,gold_trust,39.91
1905,solar_grid,63.11
1905,agro_futures,46.2
1905,metro_rail,27.8
1905,quantum_dynamics,
1906,byte_stream,61.64
1906,gold_trust,40.08
1906,solar_grid,61.76
1906,agro_futures,46.46
1906,metro_rail,27.34
1906,quantum_dynamics,44.16
1907,byte_stream,63.96
1907,gold_trust,41.03
1907,solar_grid,62.69
1907,agro_futures,46.33
1907,metro_rail,27.42
1907,quantum_dynamics,44.61
1908,byte_stream,62.06
1908,gold_trust,40.79
1908,solar_grid,62.18
1908,agro_futures,47.16
1908,metro_rail,27.58
1908,quantum_dynamics,44.75
1909,byte_stream,62.07
1909,gold_trust,40.79
1909,solar_grid,62.18
1909,agro_futures,47.16
1909,metro_rail,27.58
1909,quantum_dynamics,44.75
1910,byte_stream,63.19
1910,gold_trust,40.79
1910,solar_grid,62.18
1910,agro_futures,47.16
1910,metro_rail,27.58
1910,quantum_dynamics,44.75
1911,byte_stream,61.26
1911,gold_trust,40.17
1911,solar_grid,62.12
1911,agro_futures,47.54
1911,metro_rail,27.62
1911,quantum_dynamics,44.54
1912,byte_stream,61.55
1912,gold_trust,40.57
1912,solar_grid,61.82
1912,agro_futures,47.47
1912,metro_rail,27.58
1912,quantum_dynamics,44.34
1913,byte_stream,63.99
1913,gold_trust,40.44
1913,solar_grid,63.21
1913,agro_futures,47.71
1913,metro_rail,27.97
1913,quantum_dynamics,45.13
1914,byte_stream,63.28
1914,gold_trust,40.71
1914,solar_grid,64.54
1914,agro_futures,47.63
1914,metro_rail,28.13
1914,quantum_dynamics,45.46
1915,byte_stream,64.29
1915,gold_trust,40.48
1915,solar_grid,66.14
1915,agro_futures,48.44
1915,metro_rail,28.54
1915,quantum_dynamics,46.25
1916,byte_stream,64.13
1916,gold_trust,40.48
1916,solar_grid,66.14
1916,agro_futures,48.44
1916,metro_rail,28.54
1916,quantum_dynamics,46.25
1917,byte_stream,63.66
1917,gold_trust,40.48
1917,solar_grid,66.14
1917,agro_futures,48.44
1917,,28.54
1917,quantum_dynamics,46.25
1918,byte_stream,62.73
1918,gold_trust,41.13
1918,solar_grid,65.05
1918,agro_futures,48.24
1918,metro_rail,28.64
1918,quantum_dynamics,46.13
1919,byte_stream,63.59
1919,,41.9
1919,solar_grid,64.6
1919,agro_futures,47.94
1919,metro_rail,28.48
1919,quantum_dynamics,45.89
1920,byte_stream,
1920,gold_trust,
1920,solar_grid,
1920,agro_futures,
1920,metro_rail,
1920,quantum_dynamics,
1921,,63.31
1921,gold_trust,41.66
1921,solar_grid,62.77
1921,agro_futures,47.19
1921,metro_rail,28.51
1921,quantum_dynamics,45.75
1922,byte_stream,63.04
1922,gold_trust,41.66
1922,solar_grid,62.77
1922,agro_futures,47.19
1922,metro_rail,28.51
1922,quantum_dynamics,45.75
1923,,63.09
1923,gold_trust,41.66
1923,solar_grid,62.77
1923,agro_futures,47.19
1923,metro_rail,28.51
1923,quantum_dynamics,45.75
1924,byte_stream,63.96
1924,gold_trust,41.66
1924,solar_grid,62.77
1924,agro_futures,47.19
1924,metro_rail,28.51
1924,quantum_dynamics,45.75
1925,byte_stream,66.94
1925,gold_trust,41.2
1925,solar_grid,64.06
1925,agro_futures,47.96
1925,metro_rail,28.54
1925,quantum_dynamics,45.73
1926,byte_stream,68.25
1926,gold_trust,41.51
1926,solar_grid,322.55
1926,agro_futures,47.74
1926,metro_rail,28.53
1926,quantum_dynamics,45.53
1927,byte_stream,68.04
1927,gold_trust,41.63
1927,solar_grid,
1927,agro_futures,48.11
1927,,28.42
1927,quantum_dynamics,45.15
1928,byte_stream,68.62
1928,gold_trust,42.26
1928,solar_grid,65.59
1928,agro_futures,47.83
1928,metro_rail,28.79
1928,quantum_dynamics,46.04
1929,byte_stream,68.82
1929,gold_trust,41.44
1929,solar_grid,65.03
1929,agro_futures,48.86
1929,metro_rail,28.73
1929,quantum_dynamics,45.88
1930,byte_stream,68.44
1930,gold_trust,41.44
1930,solar_grid,65.03
1930,agro_futures,48.86
1930,metro_rail,28.73
1930,,45.88
1931,byte_stream,68.43
1931,gold_trust,41.44
1931,solar_grid,65.03
1931,agro_futures,48.86
1931,metro_rail,28.73
1931,quantum_dynamics,
1932,byte_stream,66.47
1932,gold_trust,41.26
1932,solar_grid,66.76
1932,agro_futures,49.61
1932,metro_rail,28.83
1932,quantum_dynamics,46.01
1933,byte_stream,68.62
1933,gold_trust,41.52
1933,solar_grid,66.79
1933,agro_futures,49.69
1933,metro_rail,28.85
1933,quantum_dynamics,45.99
1934,byte_stream,65.06
1934,gold_trust,41.27
1934,solar_grid,66.26
1934,agro_futures,49.3
1934,metro_rail,28.85
1934,quantum_dynamics,46.01
1935,byte_stream,63.76
1935,gold_trust,41.51
1935,solar_grid,66.14
1935,agro_futures,48.68
1935,metro_rail,28.68
1935,quantum_dynamics,45.64
1936,byte_stream,61.57
1936,,40.92
1936,solar_grid,
1936,agro_futures,48.64
1936,metro_rail,28.7
1936,quantum_dynamics,45.69
1937,byte_stream,62.79
1937,gold_trust,40.92
1937,solar_grid,66.21
1937,agro_futures,48.64
1937,metro_rail,28.7
1937,quantum_dynamics,45.69
1938,byte_stream,62.28
1938,gold_trust,40.92
1938,solar_grid,66.21
1938,agro_futures,48.64
1938,metro_rail,28.7
1938,quantum_dynamics,45.69
1939,byte_stream,
1939,gold_trust,41.11
1939,solar_grid,66.18
1939,agro_futures,47.76
1939,metro_rail,28.73
1939,quantum_dynamics,45.55
1940,byte_stream,63.9
1940,gold_trust,41.21
1940,solar_grid,64.42
1940,agro_futures,47.41
1940,metro_rail,28.27
1940,quantum_dynamics,44.65
1941,byte_stream,64.16
1941,gold_trust,41.04
1941,solar_grid,60.87
1941,agro_futures,47.05
1941,metro_rail,28.17
1941,quantum_dynamics,44.86
1942,byte_stream,66.53
1942,gold_trust,41.1
1942,solar_grid,61.98
1942,agro_futures,45.98
1942,metro_rail,28.72
1942,quantum_dynamics,45.95
1943,byte_stream,
1943,gold_trust,
1943,solar_grid,
1943,agro_futures,
1943,metro_rail,
1943,quantum_dynamics,
1944,byte_stream,66.02
1944,gold_trust,41.1
1944,solar_grid,61.33
1944,agro_futures,46.64
1944,metro_rail,28.95
1944,quantum_dynamics,46.27
1945,byte_stream,66.07
1945,gold_trust,41.1
1945,solar_grid,61.33
1945,agro_futures,46.64
1945,metro_rail,28.95
1945,quantum_dynamics,46.27
1946,byte_stream,63.41
1946,gold_trust,40.96
1946,solar_grid,60.6
1946,agro_futures,46.9
1946,metro_rail,28.94
1946,quantum_dynamics,46.22
1947,byte_stream,64.74
1947,gold_trust,41.6
1947,solar_grid,58.62
1947,agro_futures,46.79
1947,metro_rail,28.61
1947,quantum_dynamics,45.72
1948,byte_stream,65.48
1948,gold_trust,
1948,solar_grid,58.54
1948,agro_futures,
1948,metro_rail,2.841
1948,quantum_dynamics,45.51
1949,byte_stream,65.12
1949,gold_trust,42.26
1949,solar_grid,58.16
1949,agro_futures,47.41
1949,metro_rail,28.2
1949,quantum_dynamics,45.29
1950,byte_stream,66.67
1950,gold_trust,41.63
1950,solar_grid,59.82
1950,agro_futures,47.91
1950,metro_rail,28.72
1950,quantum_dynamics,46.3
1951,byte_stream,65.25
1951,gold_trust,41.63
1951,solar_grid,59.82
1951,agro_futures,47.91
1951,metro_rail,5.744
1951,quantum_dynamics,46.3
1952,byte_stream,64.23
1952,gold_trust,41.63
1952,solar_grid,59.82
1952,agro_futures,47.91
1952,metro_rail,28.72
1952,quantum_dynamics,46.3
1953,byte_stream,62.52
1953,gold_trust,41.8
1953,solar_grid,59.59
1953,agro_futures,48.15
1953,metro_rail,28.74
1953,quantum_dynamics,46.39
1954,byte_stream,62.44
1954,gold_trust,42.0
1954,solar_grid,59.0
1954,agro_futures,47.1
1954,metro_rail,28.6
1954,quantum_dynamics,
1955,byte_stream,62.35
1955,gold_trust,41.88
1955,,59.54
1955,agro_futures,47.34
1955,metro_rail,28.73
1955,quantum_dynamics,46.57
1956,byte_stream,60.95
1956,gold_trust,41.54
1956,solar_grid,59.47
1956,agro_futures,46.39
1956,metro_rail,28.68
1956,quantum_dynamics,46.66
1957,byte_stream,60.51
1957,gold_trust,41.53
1957,solar_grid,61.29
1957,agro_futures,46.44
1957,metro_rail,
1957,quantum_dynamics,46.49
1958,byte_stream,60.46
1958,gold_trust,41.53
1958,solar_grid,61.29
1958,agro_futures,46.44
1958,metro_rail,28.64
1958,quantum_dynamics,46.49
1959,byte_stream,60.79
1959,gold_trust,41.53
1959,solar_grid,61.29
1959,agro_futures,46.44
1959,metro_rail,28.64
1959,,46.49
1960,byte_stream,61.38
1960,gold_trust,41.59
1960,,61.93
1960,agro_futures,43.45
1960,metro_rail,28.72
1960,,46.8
1961,byte_stream,61.03
1961,gold_trust,204.85
1961,solar_grid,60.48
1961,agro_futures,42.63
1961,metro_rail,285.4
1961,quantum_dynamics,46.71
1962,byte_stream,61.85
1962,gold_trust,40.81
1962,solar_grid,61.05
1962,agro_futures,41.18
1962,metro_rail,28.88
1962,quantum_dynamics,47.31
1963,byte_stream,60.57
1963,gold_trust,40.29
1963,solar_grid,60.29
1963,agro_futures,40.72
1963,metro_rail,29.15
1963,quantum_dynamics,48.02
1964,byte_stream,60.7
1964,gold_trust,40.74
1964,solar_grid,59.73
1964,agro_futures,40.67
1964,metro_rail,29.11
1964,quantum_dynamics,47.9
1965,byte_stream,61.24
1965,gold_trust,40.74
1965,solar_grid,59.73
1965,agro_futures,40.67
1965,metro_rail,29.11
1965,quantum_dynamics,47.9
1966,byte_stream,60.39
1966,gold_trust,40.74
1966,solar_grid,59.73
1966,agro_futures,40.67
1966,,29.11
1966,quantum_dynamics,47.9
1967,byte_stream,60.61
1967,gold_trust,40.65
1967,solar_grid,60.78
1967,agro_futures,41.88
1967,metro_rail,29.12
1967,,48.14
1968,byte_stream,
1968,gold_trust,
1968,solar_grid,
1968,agro_futures,
1968,metro_rail,
1968,quantum_dynamics,
1969,byte_stream,59.45
1969,gold_trust,40.39
1969,solar_grid,60.34
1969,agro_futures,43.07
1969,metro_rail,28.58
1969,quantum_dynamics,47.25
1970,byte_stream,59.77
1970,gold_trust,39.96
1970,solar_grid,60.16
1970,agro_futures,43.32
1970,metro_rail,28.83
1970,quantum_dynamics,48.06
1971,byte_stream,60.32
1971,gold_trust,39.97
1971,solar_grid,60.29
1971,agro_futures,44.3
1971,metro_rail,29.2
1971,quantum_dynamics,49.11
1972,byte_stream,60.65
1972,gold_trust,39.97
1972,solar_grid,60.29
1972,agro_futures,44.3
1972,,29.2
1972,quantum_dynamics,49.11
1973,byte_stream,63.4
1973,,39.97
1973,solar_grid,60.29
1973,agro_futures,44.3
1973,metro_rail,29.2
1973,quantum_dynamics,
1974,byte_stream,62.63
1974,gold_trust,39.97
1974,solar_grid,
1974,agro_futures,44.3
1974,metro_rail,29.2
1974,quantum_dynamics,49.11
1975,byte_stream,62.53
1975,gold_trust,40.25
1975,solar_grid,60.33
1975,agro_futures,43.56
1975,metro_rail,29.2
1975,quantum_dynamics,49.26
1976,byte_stream,61.44
1976,gold_trust,40.38
1976,solar_grid,59.62
1976,agro_futures,43.56
1976,metro_rail,29.03
1976,quantum_dynamics,48.95
1977,byte_stream,60.54
1977,gold_trust,41.03
1977,solar_grid,60.9
1977,agro_futures,43.45
1977,metro_rail,29.31
1977,quantum_dynamics,49.58
1978,byte_stream,61.51
1978,gold_trust,40.49
1978,solar_grid,61.4
1978,agro_futures,44.66
1978,metro_rail,29.74
1978,quantum_dynamics,50.11
1979,byte_stream,61.12
1979,gold_trust,40.49
1979,solar_grid,61.4
1979,agro_futures,44.66
1979,metro_rail,29.74
1979,quantum_dynamics,50.11
1980,byte_stream,61.22
1980,gold_trust,40.49
1980,solar_grid,61.4
1980,agro_futures,44.66
1980,metro_rail,29.74
1980,quantum_dynamics,50.11
1981,byte_stream,58.15
1981,gold_trust,40.59
1981,solar_grid,61.18
1981,agro_futures,43.82
1981,metro_rail,29.68
1981,quantum_dynamics,50.07
1982,byte_stream,61.49
1982,gold_trust,40.74
1982,solar_grid,60.69
1982,agro_futures,44.59
1982,metro_rail,29.75
1982,quantum_dynamics,50.24
1983,byte_stream,59.47
1983,gold_trust,40.26
1983,solar_grid,60.51
1983,agro_futures,44.31
1983,metro_rail,29.64
1983,quantum_dynamics,49.6
1984,byte_stream,59.84
1984,gold_trust,40.68
1984,solar_grid,60.34
1984,agro_futures,44.75
1984,metro_rail,29.82
1984,quantum_dynamics,50.1
1985,,11.956000000000001
1985,gold_trust,40.65
1985,solar_grid,59.97
1985,agro_futures,44.31
1985,metro_rail,29.85
1985,quantum_dynamics,50.18
1986,byte_stream,58.36
1986,gold_trust,40.65
1986,solar_grid,59.97
1986,agro_futures,44.31
1986,metro_rail,29.85
1986,quantum_dynamics,50.18
1987,byte_stream,58.56
1987,gold_trust,40.65
1987,solar_grid,59.97
1987,agro_futures,44.31
1987,metro_rail,29.85
1987,quantum_dynamics,50.18
1988,byte_stream,58.47
1988,gold_trust,40.5
1988,solar_grid,60.95
1988,agro_futures,45.27
1988,metro_rail,30.13
1988,quantum_dynamics,50.95
1989,byte_stream,58.51
1989,gold_trust,40.27
1989,solar_grid,61.6
1989,agro_futures,44.92
1989,metro_rail,30.34
1989,quantum_dynamics,51.37
1990,byte_stream,56.72
1990,gold_trust,40.48
1990,solar_grid,61.02
1990,agro_futures,44.57
1990,metro_rail,30.36
1990,quantum_dynamics,51.57
1991,byte_stream,57.74
1991,gold_trust,40.52
1991,solar_grid,62.36
1991,agro_futures,45.71
1991,metro_rail,30.73
1991,quantum_dynamics,52.16
1992,byte_stream,59.43
1992,gold_trust,40.53
1992,solar_grid,62.01
1992,agro_futures,46.95
1992,metro_rail,30.62
1992,quantum_dynamics,51.81
1993,byte_stream,
1993,gold_trust,
1993,solar_grid,
1993,agro_futures,
1993,metro_rail,
1993,quantum_dynamics,
1994,byte_stream,59.45
1994,gold_trust,40.53
1994,solar_grid,62.01
1994,agro_futures,46.95
1994,metro_rail,30.62
1994,quantum_dynamics,51.81
1995,byte_stream,60.61
1995,gold_trust,40.53
1995,solar_grid,62.01
1995,agro_futures,46.95
1995,metro_rail,30.62
1995,quantum_dynamics,51.81
1996,byte_stream,63.95
1996,gold_trust,40.04
1996,solar_grid,60.06
1996,agro_futures,47.21
1996,metro_rail,30.48
1996,quantum_dynamics,51.72
1997,byte_stream,67.78
1997,gold_trust,39.99
1997,solar_grid,59.33
1997,,49.21
1997,metro_rail,30.32
1997,quantum_dynamics,51.1
1998,byte_stream,67.52
1998,gold_trust,39.55
1998,solar_grid,58.72
1998,agro_futures,48.44
1998,metro_rail,30.43
1998,quantum_dynamics,51.58
1999,byte_stream,69.29
1999,gold_trust,39.67
1999,,57.97
1999,agro_futures,46.26
1999,metro_rail,30.2
1999,quantum_dynamics,51.06
2000,byte_stream,68.96
2000,gold_trust,39.67
2000,solar_grid,57.97
2000,agro_futures,46.26
2000,metro_rail,30.2
2000,quantum_dynamics,51.06
2001,byte_stream,68.81
2001,gold_trust,39.67
2001,solar_grid,57.97
2001,agro_futures,46.26
2001,metro_rail,
2001,quantum_dynamics,51.06
2002,byte_stream,68.33
2002,gold_trust,39.76
2002,solar_grid,58.28
2002,,46.73
2002,metro_rail,30.06
2002,quantum_dynamics,50.47
2003,byte_stream,69.27
2003,gold_trust,39.55
2003,solar_grid,58.95
2003,agro_futures,45.69
2003,metro_rail,30.41
2003,quantum_dynamics,51.3
2004,byte_stream,67.92
2004,gold_trust,39.52
2004,solar_grid,59.32
2004,agro_futures,43.27
2004,metro_rail,30.39
2004,,
2005,byte_stream,68.73
2005,gold_trust,39.43
2005,solar_grid,
2005,agro_futures,42.61
2005,metro_rail,30.53
2005,quantum_dynamics,51.44
2006,byte_stream,68.8
2006,gold_trust,39.67
2006,solar_grid,60.85
2006,agro_futures,40.67
2006,metro_rail,30.9
2006,,52.18
2007,byte_stream,69.05
2007,gold_trust,39.67
2007,solar_grid,60.85
2007,agro_futures,40.67
2007,metro_rail,30.9
2007,quantum_dynamics,52.18
2008,byte_stream,13.824000000000002
2008,gold_trust,39.67
2008,solar_grid,60.85
2008,agro_futures,40.67
2008,metro_rail,30.9
2008,quantum_dynamics,52.18
2009,byte_stream,70.33
2009,gold_trust,39.67
2009,solar_grid,60.85
2009,agro_futures,40.87
2009,metro_rail,
2009,quantum_dynamics,52.29
2010,byte_stream,69.48
2010,gold_trust,39.67
2010,solar_grid,60.85
2010,agro_futures,40.87
2010,metro_rail,30.94
2010,quantum_dynamics,52.29
2011,byte_stream,68.88
2011,gold_trust,39.62
2011,solar_grid,
2011,agro_futures,40.21
2011,metro_rail,30.88
2011,quantum_dynamics,52.19
2012,byte_stream,67.52
2012,gold_trust,39.38
2012,solar_grid,57.39
2012,agro_futures,41.56
2012,metro_rail,30.64
2012,quantum_dynamics,51.77
2013,byte_stream,68.49
2013,gold_trust,39.73
2013,solar_grid,57.98
2013,agro_futures,41.11
2013,metro_rail,30.55
2013,quantum_dynamics,51.7
2014,byte_stream,68.38
2014,gold_trust,39.73
2014,solar_grid,57.98
2014,agro_futures,41.11
2014,metro_rail,30.55
2014,quantum_dynamics,51.7
2015,byte_stream,68.11
2015,gold_trust,39.73
2015,solar_grid,57.98
2015,,41.11
2015,metro_rail,30.55
2015,quantum_dynamics,51.7
2016,byte_stream,68.66
2016,gold_trust,39.7
2016,solar_grid,59.1
2016,agro_futures,41.86
2016,metro_rail,30.62
2016,quantum_dynamics,51.79
2017,byte_stream,69.12
2017,gold_trust,39.83
2017,solar_grid,59.09
2017,agro_futures,41.93
2017,metro_rail,30.83
2017,quantum_dynamics,52.08
2018,byte_stream,68.61
2018,gold_trust,40.33
2018,solar_grid,60.76
2018,agro_futures,40.32
2018,metro_rail,31.06
2018,quantum_dynamics,52.68
2019,byte_stream,71.05
2019,gold_trust,40.37
2019,solar_grid,
2019,agro_futures,43.53
2019,metro_rail,31.32
2019,quantum_dynamics,53.51
2020,byte_stream,
2020,gold_trust,40.39
2020,solar_grid,60.25
2020,agro_futures,43.98
2020,metro_rail,31.29
2020,quantum_dynamics,53.41
2021,byte_stream,68.39
2021,gold_trust,40.39
2021,solar_grid,60.25
2021,,43.98
2021,metro_rail,31.29
2021,quantum_dynamics,53.41
2022,byte_stream,68.28
2022,gold_trust,40.39
2022,solar_grid,60.25
2022,agro_futures,219.89999999999998
2022,metro_rail,31.29
2022,,53.41
2023,byte_stream,68.05
2023,,40.22
2023,solar_grid,62.66
2023,agro_futures,36.61
2023,metro_rail,31.41
2023,quantum_dynamics,53.91
2024,byte_stream,67.4
2024,gold_trust,40.72
2024,solar_grid,62.1
2024,agro_futures,38.78
2024,metro_rail,31.63
2024,quantum_dynamics,54.32
2025,byte_stream,67.53
2025,gold_trust,40.72
2025,solar_grid,62.2
2025,agro_futures,40.01
2025,metro_rail,31.71
2025,quantum_dynamics,54.34
2026,byte_stream,
2026,gold_trust,40.52
2026,solar_grid,60.86
2026,agro_futures,39.4
2026,metro_rail,31.49
2026,quantum_dynamics,53.22
2027,byte_stream,67.52
2027,gold_trust,40.43
2027,solar_grid,60.62
2027,agro_futures,38.65
2027,metro_rail,31.5
2027,quantum_dynamics,53.11
2028,byte_stream,67.21
2028,gold_trust,40.43
2028,solar_grid,60.62
2028,agro_futures,38.65
2028,metro_rail,31.5
2028,quantum_dynamics,53.11
2029,,67.91
2029,gold_trust,40.43
2029,solar_grid,60.62
2029,agro_futures,38.65
2029,metro_rail,31.5
2029,quantum_dynamics,5.311
2030,byte_stream,
2030,gold_trust,40.34
2030,solar_grid,60.42
2030,agro_futures,41.11
2030,metro_rail,31.63
2030,quantum_dynamics,53.21
2031,byte_stream,65.98
2031,gold_trust,40.37
2031,solar_grid,60.52
2031,agro_futures,40.89
2031,metro_rail,31.72
2031,quantum_dynamics,53.53
2032,byte_stream,66.27
2032,gold_trust,40.5
2032,solar_grid,59.65
2032,agro_futures,39.62
2032,metro_rail,31.71
2032,quantum_dynamics,53.46
2033,byte_stream,65.94
2033,gold_trust,40.0
2033,solar_grid,58.04
2033,agro_futures,39.11
2033,metro_rail,31.51
2033,quantum_dynamics,53.17
2034,,66.18
2034,gold_trust,40.3
2034,solar_grid,58.15
2034,agro_futures,38.21
2034,metro_rail,31.82
2034,quantum_dynamics,54.18
2035,byte_stream,66.27
2035,gold_trust,40.3
2035,solar_grid,58.15
2035,agro_futures,38.21
2035,metro_rail,31.82
2035,quantum_dynamics,54.18
2036,byte_stream,66.09
2036,gold_trust,40.3
2036,solar_grid,58.15
2036,,38.21
2036,metro_rail,31.82
2036,quantum_dynamics,54.18
2037,,65.98
2037,gold_trust,40.51
2037,solar_grid,58.39
2037,agro_futures,36.96
2037,metro_rail,31.87
2037,,54.29
2038,byte_stream,66.99
2038,gold_trust,40.68
2038,solar_grid,57.13
2038,agro_futures,36.45
2038,metro_rail,31.78
2038,quantum_dynamics,54.06
2039,byte_stream,65.81
2039,gold_trust,40.6
2039,solar_grid,54.0
2039,agro_futures,35.81
2039,metro_rail,31.34
2039,quantum_dynamics,52.88
2040,byte_stream,65.87
2040,gold_trust,40.48
2040,solar_grid,54.21
2040,agro_futures,35.26
2040,metro_rail,31.26
2040,quantum_dynamics,52.83
2041,byte_stream,65.63
2041,gold_trust,40.63
2041,solar_grid,53.43
2041,agro_futures,35.51
2041,metro_rail,
2041,quantum_dynamics,52.64
2042,byte_stream,65.56
2042,gold_trust,40.63
2042,solar_grid,53.43
2042,agro_futures,35.51
2042,metro_rail,31.1
2042,quantum_dynamics,52.64
2043,byte_stream,
2043,gold_trust,40.63
2043,solar_grid,53.43
2043,agro_futures,35.51
2043,metro_rail,31.1
2043,quantum_dynamics,52.64
2044,byte_stream,65.87
2044,gold_trust,40.5
2044,solar_grid,53.0
2044,agro_futures,35.37
2044,metro_rail,31.38
2044,quantum_dynamics,52.96
2045,byte_stream,67.19
2045,gold_trust,40.29
2045,solar_grid,52.85
2045,agro_futures,35.62
2045,metro_rail,
2045,quantum_dynamics,52.55
2046,byte_stream,66.73
2046,gold_trust,40.1
2046,solar_grid,54.01
2046,agro_futures,35.28
2046,metro_rail,31.03
2046,quantum_dynamics,51.93
2047,byte_stream,66.43
2047,gold_trust,40.07
2047,solar_grid,53.49
2047,agro_futures,35.44
2047,metro_rail,31.03
2047,quantum_dynamics,51.99
2048,byte_stream,66.36
2048,gold_trust,40.02
2048,solar_grid,52.67
2048,agro_futures,34.8
2048,metro_rail,31.0
2048,quantum_dynamics,51.64
2049,byte_stream,66.4
2049,gold_trust,40.02
2049,solar_grid,52.67
2049,agro_futures,34.8
2049,metro_rail,31.0
2049,quantum_dynamics,51.64
2050,byte_stream,66.1
2050,gold_trust,40.02
2050,solar_grid,52.67
2050,agro_futures,34.8
2050,metro_rail,31.0
2050,quantum_dynamics,
2051,byte_stream,66.39
2051,gold_trust,39.97
2051,solar_grid,52.84
2051,agro_futures,34.89
2051,metro_rail,31.18
2051,quantum_dynamics,52.18
2052,byte_stream,65.85
2052,gold_trust,39.79
2052,solar_grid,50.76
2052,agro_futures,34.03
2052,metro_rail,30.82
2052,quantum_dynamics,51.59
2053,byte_stream,64.79
2053,gold_trust,39.64
2053,solar_grid,49.57
2053,agro_futures,34.43
2053,metro_rail,30.59
2053,quantum_dynamics,50.99
2054,byte_stream,12.038
2054,gold_trust,39.37
2054,solar_grid,48.79
2054,agro_futures,6.938
2054,metro_rail,30.35
2054,quantum_dynamics,50.4
2055,byte_stream,58.8
2055,gold_trust,
2055,solar_grid,48.57
2055,agro_futures,35.17
2055,metro_rail,30.34
2055,quantum_dynamics,50.3
2056,byte_stream,58.91
2056,gold_trust,39.4
2056,solar_grid,48.57
2056,agro_futures,35.17
2056,metro_rail,30.34
2056,quantum_dynamics,50.3
2057,byte_stream,59.12
2057,gold_trust,39.4
2057,solar_grid,48.57
2057,agro_futures,35.17
2057,metro_rail,30.34
2057,quantum_dynamics,50.3
2058,byte_stream,58.97
2058,gold_trust,39.54
2058,solar_grid,48.03
2058,agro_futures,34.41
2058,metro_rail,30.55
2058,quantum_dynamics,51.08
2059,byte_stream,58.76
2059,gold_trust,39.6
2059,solar_grid,47.53
2059,agro_futures,34.21
2059,metro_rail,30.47
2059,quantum_dynamics,51.11
2060,byte_stream,
2060,gold_trust,
2060,solar_grid,
2060,agro_futures,
2060,metro_rail,
2060,quantum_dynamics,
2061,byte_stream,59.06
2061,gold_trust,40.03
2061,solar_grid,47.28
2061,agro_futures,34.63
2061,metro_rail,30.39
2061,quantum_dynamics,50.95
2062,byte_stream,58.8
2062,gold_trust,39.88
2062,solar_grid,47.85
2062,agro_futures,34.52
2062,metro_rail,30.59
2062,quantum_dynamics,51.43
2063,byte_stream,58.71
2063,gold_trust,39.88
2063,solar_grid,47.85
2063,agro_futures,34.52
2063,metro_rail,30.59
2063,quantum_dynamics,51.43
2064,byte_stream,58.89
2064,gold_trust,39.88
2064,solar_grid,
2064,agro_futures,34.52
2064,metro_rail,30.59
2064,quantum_dynamics,51.43
2065,byte_stream,58.93
2065,gold_trust,40.02
2065,solar_grid,48.12
2065,agro_futures,35.09
2065,,30.79
2065,quantum_dynamics,51.87
2066,byte_stream,62.59
2066,gold_trust,40.4
2066,solar_grid,50.03
2066,agro_futures,34.43
2066,metro_rail,31.23
2066,,52.77
2067,byte_stream,61.62
2067,gold_trust,40.56
2067,solar_grid,49.65
2067,agro_futures,33.86
2067,metro_rail,31.35
2067,quantum_dynamics,53.06
2068,byte_stream,58.54
2068,gold_trust,40.42
2068,solar_grid,49.61
2068,agro_futures,33.81
2068,metro_rail,31.3
2068,quantum_dynamics,53.12
2069,byte_stream,58.24
2069,gold_trust,40.44
2069,solar_grid,49.76
2069,agro_futures,34.08
2069,metro_rail,31.36
2069,quantum_dynamics,53.1
2070,byte_stream,58.4
2070,gold_trust,
2070,solar_grid,49.76
2070,agro_futures,34.08
2070,metro_rail,31.36
2070,quantum_dynamics,53.1
2071,byte_stream,58.62
2071,gold_trust,40.44
2071,solar_grid,49.76
2071,agro_futures,34.08
2071,metro_rail,
2071,quantum_dynamics,53.1
2072,byte_stream,58.27
2072,gold_trust,40.44
2072,solar_grid,49.76
2072,agro_futures,340.79999999999995
2072,metro_rail,31.36
2072,quantum_dynamics,53.1
2073,,58.2
2073,gold_trust,40.14
2073,solar_grid,49.43
2073,agro_futures,34.54
2073,metro_rail,31.23
2073,quantum_dynamics,53.06
2074,byte_stream,58.13
2074,gold_trust,39.97
2074,solar_grid,48.4
2074,agro_futures,34.58
2074,metro_rail,31.01
2074,quantum_dynamics,52.5
2075,byte_stream,59.23
2075,gold_trust,39.94
2075,solar_grid,47.33
2075,agro_futures,34.52
2075,metro_rail,30.91
2075,quantum_dynamics,52.03
2076,byte_stream,58.48
2076,gold_trust,39.94
2076,solar_grid,47.34
2076,,34.36
2076,metro_rail,30.95
2076,quantum_dynamics,52.08
2077,byte_stream,58.46
2077,gold_trust,39.94
2077,solar_grid,47.34
2077,agro_futures,34.36
2077,metro_rail,
2077,quantum_dynamics,52.08
2078,byte_stream,58.31
2078,gold_trust,39.94
2078,solar_grid,47.34
2078,agro_futures,34.36
2078,metro_rail,30.95
2078,quantum_dynamics,52.08
2079,byte_stream,56.8
2079,gold_trust,40.03
2079,solar_grid,47.48
2079,agro_futures,34.56
2079,metro_rail,31.16
2079,quantum_dynamics,52.67
2080,byte_stream,58.32
2080,gold_trust,39.78
2080,solar_grid,48.38
2080,agro_futures,33.97
2080,metro_rail,30.98
2080,quantum_dynamics,52.13
2081,byte_stream,59.21
2081,gold_trust,39.73
2081,solar_grid,47.39
2081,agro_futures,34.03
2081,metro_rail,31.02
2081,quantum_dynamics,52.28
2082,byte_stream,59.91
2082,gold_trust,39.74
2082,solar_grid,48.65
2082,agro_futures,33.92
2082,metro_rail,31.28
2082,quantum_dynamics,52.7
2083,byte_stream,60.07
2083,gold_trust,40.01
2083,solar_grid,47.64
2083,agro_futures,34.93
2083,metro_rail,30.9
2083,quantum_dynamics,51.88
2084,,59.97
2084,gold_trust,40.01
2084,solar_grid,47.64
2084,agro_futures,34.93
2084,metro_rail,30.9
2084,quantum_dynamics,51.88
2085,byte_stream,59.9
2085,gold_trust,40.01
2085,solar_grid,47.64
2085,agro_futures,34.93
2085,metro_rail,30.9
2085,quantum_dynamics,51.88
2086,byte_stream,60.39
2086,gold_trust,40.16
2086,solar_grid,46.21
2086,agro_futures,34.58
2086,metro_rail,30.93
2086,quantum_dynamics,51.89
2087,byte_stream,61.43
2087,gold_trust,40.17
2087,solar_grid,46.52
2087,agro_futures,34.93
2087,metro_rail,30.86
2087,quantum_dynamics,51.77
2088,byte_stream,61.25
2088,gold_trust,40.44
2088,,46.47
2088,agro_futures,35.37
2088,metro_rail,30.57
2088,quantum_dynamics,50.97
2089,byte_stream,59.97
2089,gold_trust,39.88
2089,solar_grid,45.66
2089,agro_futures,34.85
2089,metro_rail,30.07
2089,quantum_dynamics,50.05
2090,byte_stream,60.0
2090,gold_trust,40.0
2090,solar_grid,45.0
2090,agro_futures,35.0
2090,,30.0
2090,quantum_dynamics,50.0
